Workbook
Name _Toc158958007: 'QMS - SS'!$A$1
Name _Toc158958008: 'QMS - SS'!$B$1
Name _Toc158958009: 'QMS - SS'!$B$2
Name _Toc158958010: 'QMS - SS'!$D$2
Name _Toc158958012: 'QMS - SS'!$B$3
Name _Toc158958013: 'QMS - SS'!$C$3
Name _Toc158958014: 'QMS - SS'!$D$3
Name _Toc158958015: 'QMS - SS'!$E$3

Sheet Input
A1: Input | B1: Unit | C1: Input | E1: Unit | F1: Factor | G1: Value
A2: Insulation Density | B2: Kg/m^3 | C2: 200
A3: Water Density | B3: Kg/m^3 | C3: 1000
A4: Young's Modules (E) | B4: N/mm^2 | C4: 176000 | E4: PSI | F4: 145.04 | G4: =F4*C4 -> 25527040 | M4: B31.1 Check
A5: Allowable Deflection | B5: mm | C5: 6 | E5: in | F5: =1/25.4 -> 0.039370079 | G5: =F5*C5 -> 0.23622047 | M5: 40 | N5: =137.4/40 -> 3.435 | O5: =1/N5 -> 0.29112082 | P5: QMS
A6: Allowable Bendig Stress | B6: N/mm^2 | C6: 34 | E6: PSI | F6: 145.04 | G6: =F6*C6 -> 4931.36 | H6: Basis ~1/3 of 20000 PSI (137.4 N/mm^2) | M6: 25 | N6: =137.4/25 -> 5.496 | O6: =1/N6 -> 0.18195051 | P6: DUQM
A7: Bearing Length (d) | B7: mm | C7: 100 | M7: 30 | N7: =137.4/30 -> 4.58 | O7: =1/N7 -> 0.21834061 | P7: GC-32
A8: Bearing Width (b) | B8: mm | C8: 16.5 | H8: for 42" pipe and directly proportional for other size
A9: S=0.67 Sh | B9: N/mm^2 | C9: 67
A12: Beam Type | B12: Span Factor in Deflection | C12: Span Factor in Stress
A13: Simply Supported | B13: =384/5 -> 76.8 | C13: 8
A14: Continuous | B14: 185 | C14: 8
A15: Fixed | B15: 384 | C15: 12
A16: Average method | B16: =384/3 -> 128 | C16: 10

Sheet Bare+Vapour
A1: Pipe Size | B1: Pipe OD | C1: Sch | D1: Thk | E1: Ins. Thk | F1: Pipe Wt | G1: Ins. Wt | H1: Water Wt | I1: Bearing width | J1: M.I | K1: Span per | L1: Simply Supported BS:3974 | N1: Continuous Beam BS:3974 | P1: Continuous Beam Span (Civil Hand Book) | R1: Fixed Beam Span (Civil Hand Book) | T1: Average Span (Kellog) | V1: Average Span (LC Peng) | X1: Least of All | Y1: FEED | Z1: QMS | AA1: QMS | AB1: QMS Vs | AC1: FEED Vs | AD1: FEED Vs
D2: mm | E2: mm | F2: N/m | G2: N/m | H2: N/m | I2: mm | J2: cm4 | K2: Indentation | L2: Deflection (Span in m) | M2: Stress (Span in m) | N2: Deflection (Span in m) | O2: Stress (Span in m) | P2: Deflection (Span in m) | Q2: Stress (Span in m) | R2: Deflection (Span in m) | S2: Stress (Span in m) | T2: Deflection (Span in m) | U2: Stress (Span in m) | V2: Deflection (Span in m) | W2: Stress (Span in m) | X2: Span (m) | Y2: Span | Z2: Span | AA2: Rack Span | AB2: Least | AC2: Least | AD2: BS-Cont, Beam
A3: 0.75 | B3: 26.67 | C3: Sch 40 | D3: 2.87 | E3: 40 | F3: =((3.1428*(B3^2-(B3-2*D3)^2)/4)*7.85/1000)*9.81 -> 16.531576 | G3: =(3.14*(B3+E3)*E3*Input!C$2/1000000)*9.81 -> 16.429301 | H3: =((3.14*(B3-2*D3)^2)/4*Input!C$3/1000000)*9.81 -> 3.3734721 | I3: =(Input!C$8/1067)*'Bare+Vapour'!B3 -> 0.41242268 | J3: =((3.1428*(B3^4-(B3-(2*D3))^4)/64))/10000 -> 1.5420887 | K3: =(Input!C$9*(Input!C$7+I3)*D3^2)/(0.644*F3*((B3/2)*D3)^0.5) -> 841.37277 | L3: =((384*Input!$C$4*$J3*Input!$C$5)/(5*$F3*100000))^(1/4) -> 2.9492056 | M3: =((160*Input!$C$6*$J3)/(B3*$F3))^0.5 -> 4.3619982 | N3: =((384*Input!$C$4*$J3*Input!$C$5)/(($F3*100000)))^(1/4) -> 4.4100911 | O3: =((240*Input!$C$6*$J3)/($B3*$F3))^0.5 -> 5.342335 | P3: =((185*Input!$G$4*($J3/(2.54)^4)*(Input!$G$5))/($F3*0.00571))^(1/4)*25.4/1000 -> 3.6741948 | Q3: =(((16*Input!$G$6*($J3/(2.54)^4))/(($B3/25.4)*($F3*0.00571)))^0.5)*25.4/1000 -> 4.3620885 | R3: =((384*Input!$G$4*($J3/(2.54)^4)*(Input!$G$5))/($F3*0.00571))^(1/4)*25.4/1000 -> 4.4101367 | S3: =(((24*Input!$G$6*($J3/(2.54)^4))/(($B3/25.4)*($F3*0.00571)))^0.5)*25.4/1000 -> 5.3424455 | T3: =((Input!$G$4*($J3/(2.54)^4)*(Input!$G$5))/(17.1*$F3*0.06854))^(1/4)*0.3048 -> 3.1584533 | U3: =(((20*Input!$G$6*($J3/(2.54)^4))/(($B3/25.4)*($F3*0.00571)))^0.5)*25.4/1000 -> 4.8769632 | V3: =((384*Input!$C$4*$J3*Input!$C$5)/(3*$F3*100000))^(1/4) -> 3.3509446 | W3: =(((200*Input!$C$6*($J3))/($B3*($F3)))^0.5) -> 4.8768623 | X3: =MIN(L3:W3) -> 2.9492056 | Y3: 4.5 | Z3: - | AA3: - | AC3: =Y3/X3 -> 1.5258346 | AD3: =Y3/MIN(N3:O3) -> 1.0203871
A4: 1 | B4: 33.4 | C4: Sch 40 | D4: 3.38 | E4: 40 | F4: =((3.1428*(B4^2-(B4-2*D4)^2)/4)*7.85/1000)*9.81 -> 24.557423 | G4: =(3.14*(B4+E4)*E4*Input!C$2/1000000)*9.81 -> 18.087756 | H4: =((3.14*(B4-2*D4)^2)/4*Input!C$3/1000000)*9.81 -> 5.4652132 | I4: =(Input!C$8/1067)*'Bare+Vapour'!B4 -> 0.51649485 | J4: =((3.1428*(B4^4-(B4-(2*D4))^4)/64))/10000 -> 3.6378636 | K4: =(Input!C$9*(Input!C$7+I4)*D4^2)/(0.644*F4*((B4/2)*D4)^0.5) -> 647.53059 | L4: =((384*Input!$C$4*$J4*Input!$C$5)/(5*$F4*100000))^(1/4) -> 3.310718 | M4: =((160*Input!$C$6*$J4)/(B4*$F4))^0.5 -> 4.9119962 | N4: =((384*Input!$C$4*$J4*Input!$C$5)/(($F4*100000)))^(1/4) -> 4.9506781 | O4: =((240*Input!$C$6*$J4)/($B4*$F4))^0.5 -> 6.0159422 | P4: =((185*Input!$G$4*($J4/(2.54)^4)*(Input!$G$5))/($F4*0.00571))^(1/4)*25.4/1000 -> 4.124576 | Q4: =(((16*Input!$G$6*($J4/(2.54)^4))/(($B4/25.4)*($F4*0.00571)))^0.5)*25.4/1000 -> 4.9120978 | R4: =((384*Input!$G$4*($J4/(2.54)^4)*(Input!$G$5))/($F4*0.00571))^(1/4)*25.4/1000 -> 4.9507293 | S4: =(((24*Input!$G$6*($J4/(2.54)^4))/(($B4/25.4)*($F4*0.00571)))^0.5)*25.4/1000 -> 6.0160666 | T4: =((Input!$G$4*($J4/(2.54)^4)*(Input!$G$5))/(17.1*$F4*0.06854))^(1/4)*0.3048 -> 3.5456152 | U4: =(((20*Input!$G$6*($J4/(2.54)^4))/(($B4/25.4)*($F4*0.00571)))^0.5)*25.4/1000 -> 5.4918923 | V4: =((384*Input!$C$4*$J4*Input!$C$5)/(3*$F4*100000))^(1/4) -> 3.7617019 | W4: =(((200*Input!$C$6*($J4))/($B4*($F4)))^0.5) -> 5.4917787 | X4: =MIN(L4:W4) -> 3.310718 | Y4: 5 | Z4: 3.8 | AA4: 5.7 | AB4: =Z4/MIN(L4:W4) -> 1.1477873 | AC4: =Y4/X4 -> 1.5102464 | AD4: =Y4/MIN(N4:O4) -> 1.0099627
A5: 1.5 | B5: 48.26 | C5: Sch 40 | D5: 3.68 | E5: 50 | F5: =((3.1428*(B5^2-(B5-2*D5)^2)/4)*7.85/1000)*9.81 -> 39.704825 | G5: =(3.14*(B5+E5)*E5*Input!C$2/1000000)*9.81 -> 30.267421 | H5: =((3.14*(B5-2*D5)^2)/4*Input!C$3/1000000)*9.81 -> 12.882059 | I5: =(Input!C$8/1067)*'Bare+Vapour'!B5 -> 0.74628866 | J5: =((3.1428*(B5^4-(B5-(2*D5))^4)/64))/10000 -> 12.895676 | K5: =(Input!C$9*(Input!C$7+I5)*D5^2)/(0.644*F5*((B5/2)*D5)^0.5) -> 379.37418 | L5: =((384*Input!$C$4*$J5*Input!$C$5)/(5*$F5*100000))^(1/4) -> 4.0286217 | M5: =((160*Input!$C$6*$J5)/(B5*$F5))^0.5 -> 6.050708 | N5: =((384*Input!$C$4*$J5*Input!$C$5)/(($F5*100000)))^(1/4) -> 6.0241946 | O5: =((240*Input!$C$6*$J5)/($B5*$F5))^0.5 -> 7.4105736 | P5: =((185*Input!$G$4*($J5/(2.54)^4)*(Input!$G$5))/($F5*0.00571))^(1/4)*25.4/1000 -> 5.0189585 | Q5: =(((16*Input!$G$6*($J5/(2.54)^4))/(($B5/25.4)*($F5*0.00571)))^0.5)*25.4/1000 -> 6.0508332 | R5: =((384*Input!$G$4*($J5/(2.54)^4)*(Input!$G$5))/($F5*0.00571))^(1/4)*25.4/1000 -> 6.0242569 | S5: =(((24*Input!$G$6*($J5/(2.54)^4))/(($B5/25.4)*($F5*0.00571)))^0.5)*25.4/1000 -> 7.4107269 | T5: =((Input!$G$4*($J5/(2.54)^4)*(Input!$G$5))/(17.1*$F5*0.06854))^(1/4)*0.3048 -> 4.3144545 | U5: =(((20*Input!$G$6*($J5/(2.54)^4))/(($B5/25.4)*($F5*0.00571)))^0.5)*25.4/1000 -> 6.7650372 | V5: =((384*Input!$C$4*$J5*Input!$C$5)/(3*$F5*100000))^(1/4) -> 4.577398 | W5: =(((200*Input!$C$6*($J5))/($B5*($F5)))^0.5) -> 6.7648972 | X5: =MIN(L5:W5) -> 4.0286217 | Y5: 6 | Z5: 4.65 | AA5: 6.9 | AB5: =Z5/MIN(L5:W5) -> 1.1542409 | AC5: =Y5/X5 -> 1.4893431 | AD5: =Y5/MIN(N5:O5) -> 0.99598377
A6: 2 | B6: 60.32 | C6: Sch 40 | D6: 3.91 | E6: 50 | F6: =((3.1428*(B6^2-(B6-2*D6)^2)/4)*7.85/1000)*9.81 -> 53.381192 | G6: =(3.14*(B6+E6)*E6*Input!C$2/1000000)*9.81 -> 33.982311 | H6: =((3.14*(B6-2*D6)^2)/4*Input!C$3/1000000)*9.81 -> 21.225468 | I6: =(Input!C$8/1067)*'Bare+Vapour'!B6 -> 0.93278351 | J6: =((3.1428*(B6^4-(B6-(2*D6))^4)/64))/10000 -> 27.704694 | K6: =(Input!C$9*(Input!C$7+I6)*D6^2)/(0.644*F6*((B6/2)*D6)^0.5) -> 276.9379 | L6: =((384*Input!$C$4*$J6*Input!$C$5)/(5*$F6*100000))^(1/4) -> 4.5294718 | M6: =((160*Input!$C$6*$J6)/(B6*$F6))^0.5 -> 6.8414999 | N6: =((384*Input!$C$4*$J6*Input!$C$5)/(($F6*100000)))^(1/4) -> 6.7731401 | O6: =((240*Input!$C$6*$J6)/($B6*$F6))^0.5 -> 8.379092 | P6: =((185*Input!$G$4*($J6/(2.54)^4)*(Input!$G$5))/($F6*0.00571))^(1/4)*25.4/1000 -> 5.6429302 | Q6: =(((16*Input!$G$6*($J6/(2.54)^4))/(($B6/25.4)*($F6*0.00571)))^0.5)*25.4/1000 -> 6.8416414 | R6: =((384*Input!$G$4*($J6/(2.54)^4)*(Input!$G$5))/($F6*0.00571))^(1/4)*25.4/1000 -> 6.7732101 | S6: =(((24*Input!$G$6*($J6/(2.54)^4))/(($B6/25.4)*($F6*0.00571)))^0.5)*25.4/1000 -> 8.3792653 | T6: =((Input!$G$4*($J6/(2.54)^4)*(Input!$G$5))/(17.1*$F6*0.06854))^(1/4)*0.3048 -> 4.8508401 | U6: =(((20*Input!$G$6*($J6/(2.54)^4))/(($B6/25.4)*($F6*0.00571)))^0.5)*25.4/1000 -> 7.6491877 | V6: =((384*Input!$C$4*$J6*Input!$C$5)/(3*$F6*100000))^(1/4) -> 5.1464735 | W6: =(((200*Input!$C$6*($J6))/($B6*($F6)))^0.5) -> 7.6490295 | X6: =MIN(L6:W6) -> 4.5294718 | Y6: 6.5 | Z6: 5.25 | AA6: 7.9 | AB6: =Z6/MIN(L6:W6) -> 1.1590756 | AC6: =Y6/X6 -> 1.4350459 | AD6: =Y6/MIN(N6:O6) -> 0.95967305
A7: 2.5 | B7: 73.02 | C7: Sch 40 | D7: 5.16 | E7: 50 | F7: =((3.1428*(B7^2-(B7-2*D7)^2)/4)*7.85/1000)*9.81 -> 84.745953 | G7: =(3.14*(B7+E7)*E7*Input!C$2/1000000)*9.81 -> 37.894343 | H7: =((3.14*(B7-2*D7)^2)/4*Input!C$3/1000000)*9.81 -> 30.274275 | I7: =(Input!C$8/1067)*'Bare+Vapour'!B7 -> 1.1291753 | J7: =((3.1428*(B7^4-(B7-(2*D7))^4)/64))/10000 -> 63.712089 | K7: =(Input!C$9*(Input!C$7+I7)*D7^2)/(0.644*F7*((B7/2)*D7)^0.5) -> 240.83249 | L7: =((384*Input!$C$4*$J7*Input!$C$5)/(5*$F7*100000))^(1/4) -> 4.9691488 | M7: =((160*Input!$C$6*$J7)/(B7*$F7))^0.5 -> 7.4839345 | N7: =((384*Input!$C$4*$J7*Input!$C$5)/(($F7*100000)))^(1/4) -> 7.4306107 | O7: =((240*Input!$C$6*$J7)/($B7*$F7))^0.5 -> 9.1659104 | P7: =((185*Input!$G$4*($J7/(2.54)^4)*(Input!$G$5))/($F7*0.00571))^(1/4)*25.4/1000 -> 6.1906909 | Q7: =(((16*Input!$G$6*($J7/(2.54)^4))/(($B7/25.4)*($F7*0.00571)))^0.5)*25.4/1000 -> 7.4840893 | R7: =((384*Input!$G$4*($J7/(2.54)^4)*(Input!$G$5))/($F7*0.00571))^(1/4)*25.4/1000 -> 7.4306875 | S7: =(((24*Input!$G$6*($J7/(2.54)^4))/(($B7/25.4)*($F7*0.00571)))^0.5)*25.4/1000 -> 9.1661 | T7: =((Input!$G$4*($J7/(2.54)^4)*(Input!$G$5))/(17.1*$F7*0.06854))^(1/4)*0.3048 -> 5.3217125 | U7: =(((20*Input!$G$6*($J7/(2.54)^4))/(($B7/25.4)*($F7*0.00571)))^0.5)*25.4/1000 -> 8.3674662 | V7: =((384*Input!$C$4*$J7*Input!$C$5)/(3*$F7*100000))^(1/4) -> 5.6460431 | W7: =(((200*Input!$C$6*($J7))/($B7*($F7)))^0.5) -> 8.3672931 | X7: =MIN(L7:W7) -> 4.9691488 | Y7: 7.5 | Z7: - | AA7: - | AB7: - | AC7: =Y7/X7 -> 1.5093128 | AD7: =Y7/MIN(N7:O7) -> 1.0093383
A8: 3 | B8: 88.9 | C8: Sch 40 | D8: 5.49 | E8: 100 | F8: =((3.1428*(B8^2-(B8-2*D8)^2)/4)*7.85/1000)*9.81 -> 110.82708 | G8: =(3.14*(B8+E8)*E8*Input!C$2/1000000)*9.81 -> 116.37525 | H8: =((3.14*(B8-2*D8)^2)/4*Input!C$3/1000000)*9.81 -> 46.755914 | I8: =(Input!C$8/1067)*'Bare+Vapour'!B8 -> 1.3747423 | J8: =((3.1428*(B8^4-(B8-(2*D8))^4)/64))/10000 -> 125.69872 | K8: =(Input!C$9*(Input!C$7+I8)*D8^2)/(0.644*F8*((B8/2)*D8)^0.5) -> 183.60963 | L8: =((384*Input!$C$4*$J8*Input!$C$5)/(5*$F8*100000))^(1/4) -> 5.5071579 | M8: =((160*Input!$C$6*$J8)/(B8*$F8))^0.5 -> 8.3308834 | N8: =((384*Input!$C$4*$J8*Input!$C$5)/(($F8*100000)))^(1/4) -> 8.2351219 | O8: =((240*Input!$C$6*$J8)/($B8*$F8))^0.5 -> 10.203207 | P8: =((185*Input!$G$4*($J8/(2.54)^4)*(Input!$G$5))/($F8*0.00571))^(1/4)*25.4/1000 -> 6.8609562 | Q8: =(((16*Input!$G$6*($J8/(2.54)^4))/(($B8/25.4)*($F8*0.00571)))^0.5)*25.4/1000 -> 8.3310558 | R8: =((384*Input!$G$4*($J8/(2.54)^4)*(Input!$G$5))/($F8*0.00571))^(1/4)*25.4/1000 -> 8.235207 | S8: =(((24*Input!$G$6*($J8/(2.54)^4))/(($B8/25.4)*($F8*0.00571)))^0.5)*25.4/1000 -> 10.203418 | T8: =((Input!$G$4*($J8/(2.54)^4)*(Input!$G$5))/(17.1*$F8*0.06854))^(1/4)*0.3048 -> 5.8978936 | U8: =(((20*Input!$G$6*($J8/(2.54)^4))/(($B8/25.4)*($F8*0.00571)))^0.5)*25.4/1000 -> 9.3144035 | V8: =((384*Input!$C$4*$J8*Input!$C$5)/(3*$F8*100000))^(1/4) -> 6.2573395 | W8: =(((200*Input!$C$6*($J8))/($B8*($F8)))^0.5) -> 9.3142108 | X8: =MIN(L8:W8) -> 5.5071579 | Y8: 8 | Z8: 6.4 | AA8: 9.5 | AB8: =Z8/MIN(L8:W8) -> 1.1621239 | AC8: =Y8/X8 -> 1.4526549 | AD8: =Y8/MIN(N8:O8) -> 0.97144889
A9: 4 | B9: 114.3 | C9: Sch 40 | D9: 6.02 | E9: 100 | F9: =((3.1428*(B9^2-(B9-2*D9)^2)/4)*7.85/1000)*9.81 -> 157.76118 | G9: =(3.14*(B9+E9)*E9*Input!C$2/1000000)*9.81 -> 132.02337 | H9: =((3.14*(B9-2*D9)^2)/4*Input!C$3/1000000)*9.81 -> 80.528617 | I9: =(Input!C$8/1067)*'Bare+Vapour'!B9 -> 1.7675258 | J9: =((3.1428*(B9^4-(B9-(2*D9))^4)/64))/10000 -> 301.16765 | K9: =(Input!C$9*(Input!C$7+I9)*D9^2)/(0.644*F9*((B9/2)*D9)^0.5) -> 131.12474 | L9: =((384*Input!$C$4*$J9*Input!$C$5)/(5*$F9*100000))^(1/4) -> 6.272755 | M9: =((160*Input!$C$6*$J9)/(B9*$F9))^0.5 -> 9.5319207 | N9: =((384*Input!$C$4*$J9*Input!$C$5)/(($F9*100000)))^(1/4) -> 9.3799566 | O9: =((240*Input!$C$6*$J9)/($B9*$F9))^0.5 -> 11.674171 | P9: =((185*Input!$G$4*($J9/(2.54)^4)*(Input!$G$5))/($F9*0.00571))^(1/4)*25.4/1000 -> 7.8147564 | Q9: =(((16*Input!$G$6*($J9/(2.54)^4))/(($B9/25.4)*($F9*0.00571)))^0.5)*25.4/1000 -> 9.5321178 | R9: =((384*Input!$G$4*($J9/(2.54)^4)*(Input!$G$5))/($F9*0.00571))^(1/4)*25.4/1000 -> 9.3800536 | S9: =(((24*Input!$G$6*($J9/(2.54)^4))/(($B9/25.4)*($F9*0.00571)))^0.5)*25.4/1000 -> 11.674412 | T9: =((Input!$G$4*($J9/(2.54)^4)*(Input!$G$5))/(17.1*$F9*0.06854))^(1/4)*0.3048 -> 6.7178103 | U9: =(((20*Input!$G$6*($J9/(2.54)^4))/(($B9/25.4)*($F9*0.00571)))^0.5)*25.4/1000 -> 10.657232 | V9: =((384*Input!$C$4*$J9*Input!$C$5)/(3*$F9*100000))^(1/4) -> 7.1272257 | W9: =(((200*Input!$C$6*($J9))/($B9*($F9)))^0.5) -> 10.657011 | X9: =MIN(L9:W9) -> 6.272755 | Y9: 9 | Z9: 7.3 | AB9: =Z9/MIN(L9:W9) -> 1.163763 | AC9: =Y9/X9 -> 1.4347763 | AD9: =Y9/MIN(N9:O9) -> 0.95949271
A10: 6 | B10: 168.27 | C10: Sch 40 | D10: 7.11 | E10: 100 | F10: =((3.1428*(B10^2-(B10-2*D10)^2)/4)*7.85/1000)*9.81 -> 277.32069 | G10: =(3.14*(B10+E10)*E10*Input!C$2/1000000)*9.81 -> 165.27256 | H10: =((3.14*(B10-2*D10)^2)/4*Input!C$3/1000000)*9.81 -> 182.75197 | I10: =(Input!C$8/1067)*'Bare+Vapour'!B10 -> 2.6021134 | J10: =((3.1428*(B10^4-(B10-(2*D10))^4)/64))/10000 -> 1171.4199 | K10: =(Input!C$9*(Input!C$7+I10)*D10^2)/(0.644*F10*((B10/2)*D10)^0.5) -> 79.557115 | L10: =((384*Input!$C$4*$J10*Input!$C$5)/(5*$F10*100000))^(1/4) -> 7.6504833 | M10: =((160*Input!$C$6*$J10)/(B10*$F10))^0.5 -> 11.685876 | N10: =((384*Input!$C$4*$J10*Input!$C$5)/(($F10*100000)))^(1/4) -> 11.440141 | O10: =((240*Input!$C$6*$J10)/($B10*$F10))^0.5 -> 14.312217 | P10: =((185*Input!$G$4*($J10/(2.54)^4)*(Input!$G$5))/($F10*0.00571))^(1/4)*25.4/1000 -> 9.531165 | Q10: =(((16*Input!$G$6*($J10/(2.54)^4))/(($B10/25.4)*($F10*0.00571)))^0.5)*25.4/1000 -> 11.686118 | R10: =((384*Input!$G$4*($J10/(2.54)^4)*(Input!$G$5))/($F10*0.00571))^(1/4)*25.4/1000 -> 11.440259 | S10: =(((24*Input!$G$6*($J10/(2.54)^4))/(($B10/25.4)*($F10*0.00571)))^0.5)*25.4/1000 -> 14.312513 | T10: =((Input!$G$4*($J10/(2.54)^4)*(Input!$G$5))/(17.1*$F10*0.06854))^(1/4)*0.3048 -> 8.1932891 | U10: =(((20*Input!$G$6*($J10/(2.54)^4))/(($B10/25.4)*($F10*0.00571)))^0.5)*25.4/1000 -> 13.065477 | V10: =((384*Input!$C$4*$J10*Input!$C$5)/(3*$F10*100000))^(1/4) -> 8.6926273 | W10: =(((200*Input!$C$6*($J10))/($B10*($F10)))^0.5) -> 13.065207 | X10: =MIN(L10:W10) -> 7.6504833 | Y10: 10.5 | Z10: 8.9 | AB10: =Z10/MIN(L10:W10) -> 1.1633252 | AC10: =Y10/X10 -> 1.3724623 | AD10: =Y10/MIN(N10:O10) -> 0.91782087
A11: 8 | B11: 219.07 | C11: Sch 40 | D11: 8.18 | E11: 120 | F11: =((3.1428*(B11^2-(B11-2*D11)^2)/4)*7.85/1000)*9.81 -> 417.5079 | G11: =(3.14*(B11+E11)*E11*Input!C$2/1000000)*9.81 -> 250.66821 | H11: =((3.14*(B11-2*D11)^2)/4*Input!C$3/1000000)*9.81 -> 316.43828 | I11: =(Input!C$8/1067)*'Bare+Vapour'!B11 -> 3.3876804 | J11: =((3.1428*(B11^4-(B11-(2*D11))^4)/64))/10000 -> 3018.5678 | K11: =(Input!C$9*(Input!C$7+I11)*D11^2)/(0.644*F11*((B11/2)*D11)^0.5) -> 57.589927 | L11: =((384*Input!$C$4*$J11*Input!$C$5)/(5*$F11*100000))^(1/4) -> 8.7506506 | M11: =((160*Input!$C$6*$J11)/(B11*$F11))^0.5 -> 13.399115 | N11: =((384*Input!$C$4*$J11*Input!$C$5)/(($F11*100000)))^(1/4) -> 13.085275 | O11: =((240*Input!$C$6*$J11)/($B11*$F11))^0.5 -> 16.410497 | P11: =((185*Input!$G$4*($J11/(2.54)^4)*(Input!$G$5))/($F11*0.00571))^(1/4)*25.4/1000 -> 10.901781 | Q11: =(((16*Input!$G$6*($J11/(2.54)^4))/(($B11/25.4)*($F11*0.00571)))^0.5)*25.4/1000 -> 13.399392 | R11: =((384*Input!$G$4*($J11/(2.54)^4)*(Input!$G$5))/($F11*0.00571))^(1/4)*25.4/1000 -> 13.08541 | S11: =(((24*Input!$G$6*($J11/(2.54)^4))/(($B11/25.4)*($F11*0.00571)))^0.5)*25.4/1000 -> 16.410837 | T11: =((Input!$G$4*($J11/(2.54)^4)*(Input!$G$5))/(17.1*$F11*0.06854))^(1/4)*0.3048 -> 9.3715138 | U11: =(((20*Input!$G$6*($J11/(2.54)^4))/(($B11/25.4)*($F11*0.00571)))^0.5)*25.4/1000 -> 14.980976 | V11: =((384*Input!$C$4*$J11*Input!$C$5)/(3*$F11*100000))^(1/4) -> 9.9426587 | W11: =(((200*Input!$C$6*($J11))/($B11*($F11)))^0.5) -> 14.980666 | X11: =MIN(L11:W11) -> 8.7506506 | Y11: 12 | Z11: 10.25 | AB11: =Z11/MIN(L11:W11) -> 1.1713415 | AC11: =Y11/X11 -> 1.3713266 | AD11: =Y11/MIN(N11:O11) -> 0.91706138
A12: 10 | B12: 273.05 | C12: Sch 40 | D12: 9.27 | E12: 120 | F12: =((3.1428*(B12^2-(B12-2*D12)^2)/4)*7.85/1000)*9.81 -> 591.80279 | G12: =(3.14*(B12+E12)*E12*Input!C$2/1000000)*9.81 -> 290.57463 | H12: =((3.14*(B12-2*D12)^2)/4*Input!C$3/1000000)*9.81 -> 498.82518 | I12: =(Input!C$8/1067)*'Bare+Vapour'!B12 -> 4.2224227 | J12: =((3.1428*(B12^4-(B12-(2*D12))^4)/64))/10000 -> 6692.1878 | K12: =(Input!C$9*(Input!C$7+I12)*D12^2)/(0.644*F12*((B12/2)*D12)^0.5) -> 44.257472 | L12: =((384*Input!$C$4*$J12*Input!$C$5)/(5*$F12*100000))^(1/4) -> 9.7859741 | M12: =((160*Input!$C$6*$J12)/(B12*$F12))^0.5 -> 15.009766 | N12: =((384*Input!$C$4*$J12*Input!$C$5)/(($F12*100000)))^(1/4) -> 14.633444 | O12: =((240*Input!$C$6*$J12)/($B12*$F12))^0.5 -> 18.383134 | P12: =((185*Input!$G$4*($J12/(2.54)^4)*(Input!$G$5))/($F12*0.00571))^(1/4)*25.4/1000 -> 12.191613 | Q12: =(((16*Input!$G$6*($J12/(2.54)^4))/(($B12/25.4)*($F12*0.00571)))^0.5)*25.4/1000 -> 15.010076 | R12: =((384*Input!$G$4*($J12/(2.54)^4)*(Input!$G$5))/($F12*0.00571))^(1/4)*25.4/1000 -> 14.633596 | S12: =(((24*Input!$G$6*($J12/(2.54)^4))/(($B12/25.4)*($F12*0.00571)))^0.5)*25.4/1000 -> 18.383514 | T12: =((Input!$G$4*($J12/(2.54)^4)*(Input!$G$5))/(17.1*$F12*0.06854))^(1/4)*0.3048 -> 10.480294 | U12: =(((20*Input!$G$6*($J12/(2.54)^4))/(($B12/25.4)*($F12*0.00571)))^0.5)*25.4/1000 -> 16.781775 | V12: =((384*Input!$C$4*$J12*Input!$C$5)/(3*$F12*100000))^(1/4) -> 11.119013 | W12: =(((200*Input!$C$6*($J12))/($B12*($F12)))^0.5) -> 16.781428 | X12: =MIN(L12:W12) -> 9.7859741 | Y12: 14 | Z12: 11.4 | AB12: =Z12/MIN(L12:W12) -> 1.1649326 | AC12: =Y12/X12 -> 1.430619 | AD12: =Y12/MIN(N12:O12) -> 0.95671255
A13: 12 | B13: 323.85 | C13: STD | D13: 9.53 | E13: 120 | F13: =((3.1428*(B13^2-(B13-2*D13)^2)/4)*7.85/1000)*9.81 -> 724.97048 | G13: =(3.14*(B13+E13)*E13*Input!C$2/1000000)*9.81 -> 328.13014 | H13: =((3.14*(B13-2*D13)^2)/4*Input!C$3/1000000)*9.81 -> 715.38543 | I13: =(Input!C$8/1067)*'Bare+Vapour'!B13 -> 5.0079897 | J13: =((3.1428*(B13^4-(B13-(2*D13))^4)/64))/10000 -> 11636.832 | K13: =(Input!C$9*(Input!C$7+I13)*D13^2)/(0.644*F13*((B13/2)*D13)^0.5) -> 34.839615 | L13: =((384*Input!$C$4*$J13*Input!$C$5)/(5*$F13*100000))^(1/4) -> 10.681565 | M13: =((160*Input!$C$6*$J13)/(B13*$F13))^0.5 -> 16.420437 | N13: =((384*Input!$C$4*$J13*Input!$C$5)/(($F13*100000)))^(1/4) -> 15.972665 | O13: =((240*Input!$C$6*$J13)/($B13*$F13))^0.5 -> 20.110846 | P13: =((185*Input!$G$4*($J13/(2.54)^4)*(Input!$G$5))/($F13*0.00571))^(1/4)*25.4/1000 -> 13.307363 | Q13: =(((16*Input!$G$6*($J13/(2.54)^4))/(($B13/25.4)*($F13*0.00571)))^0.5)*25.4/1000 -> 16.420777 | R13: =((384*Input!$G$4*($J13/(2.54)^4)*(Input!$G$5))/($F13*0.00571))^(1/4)*25.4/1000 -> 15.972831 | S13: =(((24*Input!$G$6*($J13/(2.54)^4))/(($B13/25.4)*($F13*0.00571)))^0.5)*25.4/1000 -> 20.111262 | T13: =((Input!$G$4*($J13/(2.54)^4)*(Input!$G$5))/(17.1*$F13*0.06854))^(1/4)*0.3048 -> 11.439428 | U13: =(((20*Input!$G$6*($J13/(2.54)^4))/(($B13/25.4)*($F13*0.00571)))^0.5)*25.4/1000 -> 18.358987 | V13: =((384*Input!$C$4*$J13*Input!$C$5)/(3*$F13*100000))^(1/4) -> 12.136601 | W13: =(((200*Input!$C$6*($J13))/($B13*($F13)))^0.5) -> 18.358607 | X13: =MIN(L13:W13) -> 10.681565 | Y13: 15 | Z13: 12.5 | AB13: =Z13/MIN(L13:W13) -> 1.1702405 | AC13: =Y13/X13 -> 1.4042886 | AD13: =Y13/MIN(N13:O13) -> 0.93910438
A14: 14 | B14: 355.6 | C14: STD | D14: 9.53 | E14: 120 | F14: =((3.1428*(B14^2-(B14-2*D14)^2)/4)*7.85/1000)*9.81 -> 798.20099 | G14: =(3.14*(B14+E14)*E14*Input!C$2/1000000)*9.81 -> 351.60233 | H14: =((3.14*(B14-2*D14)^2)/4*Input!C$3/1000000)*9.81 -> 872.19189 | I14: =(Input!C$8/1067)*'Bare+Vapour'!B14 -> 5.4989691 | J14: =((3.1428*(B14^4-(B14-(2*D14))^4)/64))/10000 -> 15528.901 | K14: =(Input!C$9*(Input!C$7+I14)*D14^2)/(0.644*F14*((B14/2)*D14)^0.5) -> 30.338797 | L14: =((384*Input!$C$4*$J14*Input!$C$5)/(5*$F14*100000))^(1/4) -> 11.20762 | M14: =((160*Input!$C$6*$J14)/(B14*$F14))^0.5 -> 17.251736 | N14: =((384*Input!$C$4*$J14*Input!$C$5)/(($F14*100000)))^(1/4) -> 16.759301 | O14: =((240*Input!$C$6*$J14)/($B14*$F14))^0.5 -> 21.128975 | P14: =((185*Input!$G$4*($J14/(2.54)^4)*(Input!$G$5))/($F14*0.00571))^(1/4)*25.4/1000 -> 13.962736 | Q14: =(((16*Input!$G$6*($J14/(2.54)^4))/(($B14/25.4)*($F14*0.00571)))^0.5)*25.4/1000 -> 17.252093 | R14: =((384*Input!$G$4*($J14/(2.54)^4)*(Input!$G$5))/($F14*0.00571))^(1/4)*25.4/1000 -> 16.759474 | S14: =(((24*Input!$G$6*($J14/(2.54)^4))/(($B14/25.4)*($F14*0.00571)))^0.5)*25.4/1000 -> 21.129412 | T14: =((Input!$G$4*($J14/(2.54)^4)*(Input!$G$5))/(17.1*$F14*0.06854))^(1/4)*0.3048 -> 12.002807 | U14: =(((20*Input!$G$6*($J14/(2.54)^4))/(($B14/25.4)*($F14*0.00571)))^0.5)*25.4/1000 -> 19.288426 | V14: =((384*Input!$C$4*$J14*Input!$C$5)/(3*$F14*100000))^(1/4) -> 12.734315 | W14: =(((200*Input!$C$6*($J14))/($B14*($F14)))^0.5) -> 19.288027 | X14: =MIN(L14:W14) -> 11.20762 | Y14: 16 | Z14: 13 | AB14: =Z14/MIN(L14:W14) -> 1.1599251 | AC14: =Y14/X14 -> 1.4276001 | AD14: =Y14/MIN(N14:O14) -> 0.95469375
A15: 16 | B15: 406.4 | C15: STD | D15: 9.53 | E15: 120 | F15: =((3.1428*(B15^2-(B15-2*D15)^2)/4)*7.85/1000)*9.81 -> 915.3698 | G15: =(3.14*(B15+E15)*E15*Input!C$2/1000000)*9.81 -> 389.15783 | H15: =((3.14*(B15-2*D15)^2)/4*Input!C$3/1000000)*9.81 -> 1155.376 | I15: =(Input!C$8/1067)*'Bare+Vapour'!B15 -> 6.2845361 | J15: =((3.1428*(B15^4-(B15-(2*D15))^4)/64))/10000 -> 23416.114 | K15: =(Input!C$9*(Input!C$7+I15)*D15^2)/(0.644*F15*((B15/2)*D15)^0.5) -> 24.931014 | L15: =((384*Input!$C$4*$J15*Input!$C$5)/(5*$F15*100000))^(1/4) -> 12.001509 | M15: =((160*Input!$C$6*$J15)/(B15*$F15))^0.5 -> 18.504686 | N15: =((384*Input!$C$4*$J15*Input!$C$5)/(($F15*100000)))^(1/4) -> 17.946441 | O15: =((240*Input!$C$6*$J15)/($B15*$F15))^0.5 -> 22.663519 | P15: =((185*Input!$G$4*($J15/(2.54)^4)*(Input!$G$5))/($F15*0.00571))^(1/4)*25.4/1000 -> 14.951782 | Q15: =(((16*Input!$G$6*($J15/(2.54)^4))/(($B15/25.4)*($F15*0.00571)))^0.5)*25.4/1000 -> 18.505069 | R15: =((384*Input!$G$4*($J15/(2.54)^4)*(Input!$G$5))/($F15*0.00571))^(1/4)*25.4/1000 -> 17.946627 | S15: =(((24*Input!$G$6*($J15/(2.54)^4))/(($B15/25.4)*($F15*0.00571)))^0.5)*25.4/1000 -> 22.663988 | T15: =((Input!$G$4*($J15/(2.54)^4)*(Input!$G$5))/(17.1*$F15*0.06854))^(1/4)*0.3048 -> 12.853022 | U15: =(((20*Input!$G$6*($J15/(2.54)^4))/(($B15/25.4)*($F15*0.00571)))^0.5)*25.4/1000 -> 20.689296 | V15: =((384*Input!$C$4*$J15*Input!$C$5)/(3*$F15*100000))^(1/4) -> 13.636347 | W15: =(((200*Input!$C$6*($J15))/($B15*($F15)))^0.5) -> 20.688868 | X15: =MIN(L15:W15) -> 12.001509 | Y15: 17 | Z15: 14 | AB15: =Z15/MIN(L15:W15) -> 1.16652 | AC15: =Y15/X15 -> 1.4164886 | AD15: =Y15/MIN(N15:O15) -> 0.947263
A16: 18 | B16: 457.2 | C16: STD | D16: 9.53 | E16: 120 | F16: =((3.1428*(B16^2-(B16-2*D16)^2)/4)*7.85/1000)*9.81 -> 1032.5386 | G16: =(3.14*(B16+E16)*E16*Input!C$2/1000000)*9.81 -> 426.71334 | H16: =((3.14*(B16-2*D16)^2)/4*Input!C$3/1000000)*9.81 -> 1478.3065 | I16: =(Input!C$8/1067)*'Bare+Vapour'!B16 -> 7.0701031 | J16: =((3.1428*(B16^4-(B16-(2*D16))^4)/64))/10000 -> 33603.956 | K16: =(Input!C$9*(Input!C$7+I16)*D16^2)/(0.644*F16*((B16/2)*D16)^0.5) -> 20.991917 | L16: =((384*Input!$C$4*$J16*Input!$C$5)/(5*$F16*100000))^(1/4) -> 12.7461 | M16: =((160*Input!$C$6*$J16)/(B16*$F16))^0.5 -> 19.678337 | N16: =((384*Input!$C$4*$J16*Input!$C$5)/(($F16*100000)))^(1/4) -> 19.059865 | O16: =((240*Input!$C$6*$J16)/($B16*$F16))^0.5 -> 24.100942 | P16: =((185*Input!$G$4*($J16/(2.54)^4)*(Input!$G$5))/($F16*0.00571))^(1/4)*25.4/1000 -> 15.879412 | Q16: =(((16*Input!$G$6*($J16/(2.54)^4))/(($B16/25.4)*($F16*0.00571)))^0.5)*25.4/1000 -> 19.678744 | R16: =((384*Input!$G$4*($J16/(2.54)^4)*(Input!$G$5))/($F16*0.00571))^(1/4)*25.4/1000 -> 19.060062 | S16: =(((24*Input!$G$6*($J16/(2.54)^4))/(($B16/25.4)*($F16*0.00571)))^0.5)*25.4/1000 -> 24.101441 | T16: =((Input!$G$4*($J16/(2.54)^4)*(Input!$G$5))/(17.1*$F16*0.06854))^(1/4)*0.3048 -> 13.650442 | U16: =(((20*Input!$G$6*($J16/(2.54)^4))/(($B16/25.4)*($F16*0.00571)))^0.5)*25.4/1000 -> 22.001504 | V16: =((384*Input!$C$4*$J16*Input!$C$5)/(3*$F16*100000))^(1/4) -> 14.482365 | W16: =(((200*Input!$C$6*($J16))/($B16*($F16)))^0.5) -> 22.001049 | X16: =MIN(L16:W16) -> 12.7461 | Y16: 18 | Z16: 14.9 | AB16: =Z16/MIN(L16:W16) -> 1.1689851 | AC16: =Y16/X16 -> 1.4121967 | AD16: =Y16/MIN(N16:O16) -> 0.94439286
A17: 20 | B17: 508 | C17: STD | D17: 9.53 | E17: 140 | F17: =((3.1428*(B17^2-(B17-2*D17)^2)/4)*7.85/1000)*9.81 -> 1149.7074 | G17: =(3.14*(B17+E17)*E17*Input!C$2/1000000)*9.81 -> 558.89689 | H17: =((3.14*(B17-2*D17)^2)/4*Input!C$3/1000000)*9.81 -> 1840.9831 | I17: =(Input!C$8/1067)*'Bare+Vapour'!B17 -> 7.8556701 | J17: =((3.1428*(B17^4-(B17-(2*D17))^4)/64))/10000 -> 46386.911 | K17: =(Input!C$9*(Input!C$7+I17)*D17^2)/(0.644*F17*((B17/2)*D17)^0.5) -> 18.016361 | L17: =((384*Input!$C$4*$J17*Input!$C$5)/(5*$F17*100000))^(1/4) -> 13.449567 | M17: =((160*Input!$C$6*$J17)/(B17*$F17))^0.5 -> 20.786035 | N17: =((384*Input!$C$4*$J17*Input!$C$5)/(($F17*100000)))^(1/4) -> 20.111794 | O17: =((240*Input!$C$6*$J17)/($B17*$F17))^0.5 -> 25.45759 | P17: =((185*Input!$G$4*($J17/(2.54)^4)*(Input!$G$5))/($F17*0.00571))^(1/4)*25.4/1000 -> 16.75581 | Q17: =(((16*Input!$G$6*($J17/(2.54)^4))/(($B17/25.4)*($F17*0.00571)))^0.5)*25.4/1000 -> 20.786465 | R17: =((384*Input!$G$4*($J17/(2.54)^4)*(Input!$G$5))/($F17*0.00571))^(1/4)*25.4/1000 -> 20.112002 | S17: =(((24*Input!$G$6*($J17/(2.54)^4))/(($B17/25.4)*($F17*0.00571)))^0.5)*25.4/1000 -> 25.458116 | T17: =((Input!$G$4*($J17/(2.54)^4)*(Input!$G$5))/(17.1*$F17*0.06854))^(1/4)*0.3048 -> 14.403821 | U17: =(((20*Input!$G$6*($J17/(2.54)^4))/(($B17/25.4)*($F17*0.00571)))^0.5)*25.4/1000 -> 23.239974 | V17: =((384*Input!$C$4*$J17*Input!$C$5)/(3*$F17*100000))^(1/4) -> 15.281659 | W17: =(((200*Input!$C$6*($J17))/($B17*($F17)))^0.5) -> 23.239493 | X17: =MIN(L17:W17) -> 13.449567 | Y17: 19 | Z17: 15.6 | AB17: =Z17/MIN(L17:W17) -> 1.1598886 | AC17: =Y17/X17 -> 1.4126849 | AD17: =Y17/MIN(N17:O17) -> 0.9447193
A18: 24 | B18: 609.6 | C18: STD | D18: 9.53 | E18: 140 | F18: =((3.1428*(B18^2-(B18-2*D18)^2)/4)*7.85/1000)*9.81 -> 1384.045 | G18: =(3.14*(B18+E18)*E18*Input!C$2/1000000)*9.81 -> 646.5264 | H18: =((3.14*(B18-2*D18)^2)/4*Input!C$3/1000000)*9.81 -> 2685.5751 | I18: =(Input!C$8/1067)*'Bare+Vapour'!B18 -> 9.4268041 | J18: =((3.1428*(B18^4-(B18-(2*D18))^4)/64))/10000 -> 80916.097 | K18: =(Input!C$9*(Input!C$7+I18)*D18^2)/(0.644*F18*((B18/2)*D18)^0.5) -> 13.860991 | L18: =((384*Input!$C$4*$J18*Input!$C$5)/(5*$F18*100000))^(1/4) -> 14.756299 | M18: =((160*Input!$C$6*$J18)/(B18*$F18))^0.5 -> 22.841221 | N18: =((384*Input!$C$4*$J18*Input!$C$5)/(($F18*100000)))^(1/4) -> 22.065814 | O18: =((240*Input!$C$6*$J18)/($B18*$F18))^0.5 -> 27.974669 | P18: =((185*Input!$G$4*($J18/(2.54)^4)*(Input!$G$5))/($F18*0.00571))^(1/4)*25.4/1000 -> 18.38377 | Q18: =(((16*Input!$G$6*($J18/(2.54)^4))/(($B18/25.4)*($F18*0.00571)))^0.5)*25.4/1000 -> 22.841694 | R18: =((384*Input!$G$4*($J18/(2.54)^4)*(Input!$G$5))/($F18*0.00571))^(1/4)*25.4/1000 -> 22.066043 | S18: =(((24*Input!$G$6*($J18/(2.54)^4))/(($B18/25.4)*($F18*0.00571)))^0.5)*25.4/1000 -> 27.975247 | T18: =((Input!$G$4*($J18/(2.54)^4)*(Input!$G$5))/(17.1*$F18*0.06854))^(1/4)*0.3048 -> 15.803267 | U18: =(((20*Input!$G$6*($J18/(2.54)^4))/(($B18/25.4)*($F18*0.00571)))^0.5)*25.4/1000 -> 25.53779 | V18: =((384*Input!$C$4*$J18*Input!$C$5)/(3*$F18*100000))^(1/4) -> 16.766393 | W18: =(((200*Input!$C$6*($J18))/($B18*($F18)))^0.5) -> 25.537262 | X18: =MIN(L18:W18) -> 14.756299 | Y18: 21 | Z18: 17.2 | AB18: =Z18/MIN(L18:W18) -> 1.1656039 | AC18: =Y18/X18 -> 1.423121 | AD18: =Y18/MIN(N18:O18) -> 0.95169839
A19: 0.75 | B19: 26.67 | C19: Sch 80 | D19: 3.91 | E19: 40 | F19: =((3.1428*(B19^2-(B19-2*D19)^2)/4)*7.85/1000)*9.81 -> 21.537953 | G19: =(3.14*(B19+E19)*E19*Input!C$2/1000000)*9.81 -> 16.429301 | H19: =((3.14*(B19-2*D19)^2)/4*Input!C$3/1000000)*9.81 -> 2.7362853 | I19: =(Input!C$8/1067)*'Bare+Vapour'!B19 -> 0.41242268 | J19: =((3.1428*(B19^4-(B19-(2*D19))^4)/64))/10000 -> 1.8644554 | K19: =(Input!C$9*(Input!C$7+I19)*D19^2)/(0.644*F19*((B19/2)*D19)^0.5) -> 1026.9294 | L19: =((384*Input!$C$4*$J19*Input!$C$5)/(5*$F19*100000))^(1/4) -> 2.8946308 | M19: =((160*Input!$C$6*$J19)/(B19*$F19))^0.5 -> 4.202055 | N19: =((384*Input!$C$4*$J19*Input!$C$5)/(($F19*100000)))^(1/4) -> 4.3284826 | O19: =((240*Input!$C$6*$J19)/($B19*$F19))^0.5 -> 5.1464453 | P19: =((185*Input!$G$4*($J19/(2.54)^4)*(Input!$G$5))/($F19*0.00571))^(1/4)*25.4/1000 -> 3.6062041 | Q19: =(((16*Input!$G$6*($J19/(2.54)^4))/(($B19/25.4)*($F19*0.00571)))^0.5)*25.4/1000 -> 4.2021419 | R19: =((384*Input!$G$4*($J19/(2.54)^4)*(Input!$G$5))/($F19*0.00571))^(1/4)*25.4/1000 -> 4.3285274 | S19: =(((24*Input!$G$6*($J19/(2.54)^4))/(($B19/25.4)*($F19*0.00571)))^0.5)*25.4/1000 -> 5.1465517 | T19: =((Input!$G$4*($J19/(2.54)^4)*(Input!$G$5))/(17.1*$F19*0.06854))^(1/4)*0.3048 -> 3.1000064 | U19: =(((20*Input!$G$6*($J19/(2.54)^4))/(($B19/25.4)*($F19*0.00571)))^0.5)*25.4/1000 -> 4.6981375 | V19: =((384*Input!$C$4*$J19*Input!$C$5)/(3*$F19*100000))^(1/4) -> 3.2889356 | W19: =(((200*Input!$C$6*($J19))/($B19*($F19)))^0.5) -> 4.6980403 | X19: =MIN(L19:W19) -> 2.8946308 | Y19: 4.5 | Z19: - | AA19: - | AB19: - | AC19: =Y19/X19 -> 1.5546024 | AD19: =Y19/MIN(N19:O19) -> 1.0396253
A20: 1 | B20: 33.4 | C20: Sch 80 | D20: 4.55 | E20: 40 | F20: =((3.1428*(B20^2-(B20-2*D20)^2)/4)*7.85/1000)*9.81 -> 31.769664 | G20: =(3.14*(B20+E20)*E20*Input!C$2/1000000)*9.81 -> 18.087756 | H20: =((3.14*(B20-2*D20)^2)/4*Input!C$3/1000000)*9.81 -> 4.5472749 | I20: =(Input!C$8/1067)*'Bare+Vapour'!B20 -> 0.51649485 | J20: =((3.1428*(B20^4-(B20-(2*D20))^4)/64))/10000 -> 4.3989166 | K20: =(Input!C$9*(Input!C$7+I20)*D20^2)/(0.644*F20*((B20/2)*D20)^0.5) -> 781.75831 | L20: =((384*Input!$C$4*$J20*Input!$C$5)/(5*$F20*100000))^(1/4) -> 3.2552891 | M20: =((160*Input!$C$6*$J20)/(B20*$F20))^0.5 -> 4.7488972 | N20: =((384*Input!$C$4*$J20*Input!$C$5)/(($F20*100000)))^(1/4) -> 4.8677926 | O20: =((240*Input!$C$6*$J20)/($B20*$F20))^0.5 -> 5.8161875 | P20: =((185*Input!$G$4*($J20/(2.54)^4)*(Input!$G$5))/($F20*0.00571))^(1/4)*25.4/1000 -> 4.0555212 | Q20: =(((16*Input!$G$6*($J20/(2.54)^4))/(($B20/25.4)*($F20*0.00571)))^0.5)*25.4/1000 -> 4.7489955 | R20: =((384*Input!$G$4*($J20/(2.54)^4)*(Input!$G$5))/($F20*0.00571))^(1/4)*25.4/1000 -> 4.8678429 | S20: =(((24*Input!$G$6*($J20/(2.54)^4))/(($B20/25.4)*($F20*0.00571)))^0.5)*25.4/1000 -> 5.8163078 | T20: =((Input!$G$4*($J20/(2.54)^4)*(Input!$G$5))/(17.1*$F20*0.06854))^(1/4)*0.3048 -> 3.4862535 | U20: =(((20*Input!$G$6*($J20/(2.54)^4))/(($B20/25.4)*($F20*0.00571)))^0.5)*25.4/1000 -> 5.3095383 | V20: =((384*Input!$C$4*$J20*Input!$C$5)/(3*$F20*100000))^(1/4) -> 3.6987225 | W20: =(((200*Input!$C$6*($J20))/($B20*($F20)))^0.5) -> 5.3094285 | X20: =MIN(L20:W20) -> 3.2552891 | Y20: 5 | Z20: 3.8 | AA20: 5.7 | AB20: =Z20/MIN(L20:W20) -> 1.167331 | AC20: =Y20/X20 -> 1.5359619 | AD20: =Y20/MIN(N20:O20) -> 1.0271596
A21: 1.5 | B21: 48.26 | C21: Sch 80 | D21: 5.08 | E21: 50 | F21: =((3.1428*(B21^2-(B21-2*D21)^2)/4)*7.85/1000)*9.81 -> 53.088659 | G21: =(3.14*(B21+E21)*E21*Input!C$2/1000000)*9.81 -> 30.267421 | H21: =((3.14*(B21-2*D21)^2)/4*Input!C$3/1000000)*9.81 -> 11.178631 | I21: =(Input!C$8/1067)*'Bare+Vapour'!B21 -> 0.74628866 | J21: =((3.1428*(B21^4-(B21-(2*D21))^4)/64))/10000 -> 16.289515 | K21: =(Input!C$9*(Input!C$7+I21)*D21^2)/(0.644*F21*((B21/2)*D21)^0.5) -> 460.18572 | L21: =((384*Input!$C$4*$J21*Input!$C$5)/(5*$F21*100000))^(1/4) -> 3.971759 | M21: =((160*Input!$C$6*$J21)/(B21*$F21))^0.5 -> 5.8811058 | N21: =((384*Input!$C$4*$J21*Input!$C$5)/(($F21*100000)))^(1/4) -> 5.9391649 | O21: =((240*Input!$C$6*$J21)/($B21*$F21))^0.5 -> 7.2028542 | P21: =((185*Input!$G$4*($J21/(2.54)^4)*(Input!$G$5))/($F21*0.00571))^(1/4)*25.4/1000 -> 4.9481175 | Q21: =(((16*Input!$G$6*($J21/(2.54)^4))/(($B21/25.4)*($F21*0.00571)))^0.5)*25.4/1000 -> 5.8812274 | R21: =((384*Input!$G$4*($J21/(2.54)^4)*(Input!$G$5))/($F21*0.00571))^(1/4)*25.4/1000 -> 5.9392264 | S21: =(((24*Input!$G$6*($J21/(2.54)^4))/(($B21/25.4)*($F21*0.00571)))^0.5)*25.4/1000 -> 7.2030032 | T21: =((Input!$G$4*($J21/(2.54)^4)*(Input!$G$5))/(17.1*$F21*0.06854))^(1/4)*0.3048 -> 4.2535573 | U21: =(((20*Input!$G$6*($J21/(2.54)^4))/(($B21/25.4)*($F21*0.00571)))^0.5)*25.4/1000 -> 6.5754122 | V21: =((384*Input!$C$4*$J21*Input!$C$5)/(3*$F21*100000))^(1/4) -> 4.5127895 | W21: =(((200*Input!$C$6*($J21))/($B21*($F21)))^0.5) -> 6.5752762 | X21: =MIN(L21:W21) -> 3.971759 | Y21: 6 | Z21: 4.65 | AA21: 6.9 | AB21: =Z21/MIN(L21:W21) -> 1.1707659 | AC21: =Y21/X21 -> 1.5106657 | AD21: =Y21/MIN(N21:O21) -> 1.010243
A22: 2 | B22: 60.32 | C22: Sch 80 | D22: 5.54 | E22: 50 | F22: =((3.1428*(B22^2-(B22-2*D22)^2)/4)*7.85/1000)*9.81 -> 73.449222 | G22: =(3.14*(B22+E22)*E22*Input!C$2/1000000)*9.81 -> 33.982311 | H22: =((3.14*(B22-2*D22)^2)/4*Input!C$3/1000000)*9.81 -> 18.671308 | I22: =(Input!C$8/1067)*'Bare+Vapour'!B22 -> 0.93278351 | J22: =((3.1428*(B22^4-(B22-(2*D22))^4)/64))/10000 -> 36.142805 | K22: =(Input!C$9*(Input!C$7+I22)*D22^2)/(0.644*F22*((B22/2)*D22)^0.5) -> 339.45559 | L22: =((384*Input!$C$4*$J22*Input!$C$5)/(5*$F22*100000))^(1/4) -> 4.4695618 | M22: =((160*Input!$C$6*$J22)/(B22*$F22))^0.5 -> 6.6617159 | N22: =((384*Input!$C$4*$J22*Input!$C$5)/(($F22*100000)))^(1/4) -> 6.6835538 | O22: =((240*Input!$C$6*$J22)/($B22*$F22))^0.5 -> 8.1589024 | P22: =((185*Input!$G$4*($J22/(2.54)^4)*(Input!$G$5))/($F22*0.00571))^(1/4)*25.4/1000 -> 5.5682928 | Q22: =(((16*Input!$G$6*($J22/(2.54)^4))/(($B22/25.4)*($F22*0.00571)))^0.5)*25.4/1000 -> 6.6618537 | R22: =((384*Input!$G$4*($J22/(2.54)^4)*(Input!$G$5))/($F22*0.00571))^(1/4)*25.4/1000 -> 6.6836229 | S22: =(((24*Input!$G$6*($J22/(2.54)^4))/(($B22/25.4)*($F22*0.00571)))^0.5)*25.4/1000 -> 8.1590712 | T22: =((Input!$G$4*($J22/(2.54)^4)*(Input!$G$5))/(17.1*$F22*0.06854))^(1/4)*0.3048 -> 4.7866796 | U22: =(((20*Input!$G$6*($J22/(2.54)^4))/(($B22/25.4)*($F22*0.00571)))^0.5)*25.4/1000 -> 7.4481789 | V22: =((384*Input!$C$4*$J22*Input!$C$5)/(3*$F22*100000))^(1/4) -> 5.0784027 | W22: =(((200*Input!$C$6*($J22))/($B22*($F22)))^0.5) -> 7.4480248 | X22: =MIN(L22:W22) -> 4.4695618 | Y22: 6.5 | Z22: 5.25 | AA22: 7.9 | AB22: =Z22/MIN(L22:W22) -> 1.1746118 | AC22: =Y22/X22 -> 1.4542813 | AD22: =Y22/MIN(N22:O22) -> 0.9725365
A23: 2.5 | B23: 73.02 | C23: Sch 80 | D23: 7.01 | E23: 50 | F23: =((3.1428*(B23^2-(B23-2*D23)^2)/4)*7.85/1000)*9.81 -> 111.99101 | G23: =(3.14*(B23+E23)*E23*Input!C$2/1000000)*9.81 -> 37.894343 | H23: =((3.14*(B23-2*D23)^2)/4*Input!C$3/1000000)*9.81 -> 26.806659 | I23: =(Input!C$8/1067)*'Bare+Vapour'!B23 -> 1.1291753 | J23: =((3.1428*(B23^4-(B23-(2*D23))^4)/64))/10000 -> 80.102184 | K23: =(Input!C$9*(Input!C$7+I23)*D23^2)/(0.644*F23*((B23/2)*D23)^0.5) -> 288.57144 | L23: =((384*Input!$C$4*$J23*Input!$C$5)/(5*$F23*100000))^(1/4) -> 4.9076274 | M23: =((160*Input!$C$6*$J23)/(B23*$F23))^0.5 -> 7.2997693 | N23: =((384*Input!$C$4*$J23*Input!$C$5)/(($F23*100000)))^(1/4) -> 7.3386147 | O23: =((240*Input!$C$6*$J23)/($B23*$F23))^0.5 -> 8.940355 | P23: =((185*Input!$G$4*($J23/(2.54)^4)*(Input!$G$5))/($F23*0.00571))^(1/4)*25.4/1000 -> 6.114046 | Q23: =(((16*Input!$G$6*($J23/(2.54)^4))/(($B23/25.4)*($F23*0.00571)))^0.5)*25.4/1000 -> 7.2999203 | R23: =((384*Input!$G$4*($J23/(2.54)^4)*(Input!$G$5))/($F23*0.00571))^(1/4)*25.4/1000 -> 7.3386906 | S23: =(((24*Input!$G$6*($J23/(2.54)^4))/(($B23/25.4)*($F23*0.00571)))^0.5)*25.4/1000 -> 8.94054 | T23: =((Input!$G$4*($J23/(2.54)^4)*(Input!$G$5))/(17.1*$F23*0.06854))^(1/4)*0.3048 -> 5.2558262 | U23: =(((20*Input!$G$6*($J23/(2.54)^4))/(($B23/25.4)*($F23*0.00571)))^0.5)*25.4/1000 -> 8.161559 | V23: =((384*Input!$C$4*$J23*Input!$C$5)/(3*$F23*100000))^(1/4) -> 5.5761413 | W23: =(((200*Input!$C$6*($J23))/($B23*($F23)))^0.5) -> 8.1613902 | X23: =MIN(L23:W23) -> 4.9076274 | Y23: 7.5 | Z23: - | AA23: - | AB23: - | AC23: =Y23/X23 -> 1.5282334 | AD23: =Y23/MIN(N23:O23) -> 1.0219913
A24: 3 | B24: 88.9 | C24: Sch 80 | D24: 7.62 | E24: 100 | F24: =((3.1428*(B24^2-(B24-2*D24)^2)/4)*7.85/1000)*9.81 -> 149.89739 | G24: =(3.14*(B24+E24)*E24*Input!C$2/1000000)*9.81 -> 116.37525 | H24: =((3.14*(B24-2*D24)^2)/4*Input!C$3/1000000)*9.81 -> 41.783238 | I24: =(Input!C$8/1067)*'Bare+Vapour'!B24 -> 1.3747423 | J24: =((3.1428*(B24^4-(B24-(2*D24))^4)/64))/10000 -> 162.15606 | K24: =(Input!C$9*(Input!C$7+I24)*D24^2)/(0.644*F24*((B24/2)*D24)^0.5) -> 221.98376 | L24: =((384*Input!$C$4*$J24*Input!$C$5)/(5*$F24*100000))^(1/4) -> 5.4424076 | M24: =((160*Input!$C$6*$J24)/(B24*$F24))^0.5 -> 8.1361345 | N24: =((384*Input!$C$4*$J24*Input!$C$5)/(($F24*100000)))^(1/4) -> 8.1382975 | O24: =((240*Input!$C$6*$J24)/($B24*$F24))^0.5 -> 9.964689 | P24: =((185*Input!$G$4*($J24/(2.54)^4)*(Input!$G$5))/($F24*0.00571))^(1/4)*25.4/1000 -> 6.7802886 | Q24: =(((16*Input!$G$6*($J24/(2.54)^4))/(($B24/25.4)*($F24*0.00571)))^0.5)*25.4/1000 -> 8.1363028 | R24: =((384*Input!$G$4*($J24/(2.54)^4)*(Input!$G$5))/($F24*0.00571))^(1/4)*25.4/1000 -> 8.1383817 | S24: =(((24*Input!$G$6*($J24/(2.54)^4))/(($B24/25.4)*($F24*0.00571)))^0.5)*25.4/1000 -> 9.9648952 | T24: =((Input!$G$4*($J24/(2.54)^4)*(Input!$G$5))/(17.1*$F24*0.06854))^(1/4)*0.3048 -> 5.8285492 | U24: =(((20*Input!$G$6*($J24/(2.54)^4))/(($B24/25.4)*($F24*0.00571)))^0.5)*25.4/1000 -> 9.0966631 | V24: =((384*Input!$C$4*$J24*Input!$C$5)/(3*$F24*100000))^(1/4) -> 6.1837689 | W24: =(((200*Input!$C$6*($J24))/($B24*($F24)))^0.5) -> 9.0964749 | X24: =MIN(L24:W24) -> 5.4424076 | Y24: 8 | Z24: 6.4 | AA24: 9.5 | AB24: =Z24/MIN(L24:W24) -> 1.1759502 | AC24: =Y24/X24 -> 1.4699377 | AD24: =Y24/MIN(N24:O24) -> 0.98300658
A25: 4 | B25: 114.3 | C25: Sch 80 | D25: 8.56 | E25: 100 | F25: =((3.1428*(B25^2-(B25-2*D25)^2)/4)*7.85/1000)*9.81 -> 219.06272 | G25: =(3.14*(B25+E25)*E25*Input!C$2/1000000)*9.81 -> 132.02337 | H25: =((3.14*(B25-2*D25)^2)/4*Input!C$3/1000000)*9.81 -> 72.726461 | I25: =(Input!C$8/1067)*'Bare+Vapour'!B25 -> 1.7675258 | J25: =((3.1428*(B25^4-(B25-(2*D25))^4)/64))/10000 -> 400.1799 | K25: =(Input!C$9*(Input!C$7+I25)*D25^2)/(0.644*F25*((B25/2)*D25)^0.5) -> 160.11507 | L25: =((384*Input!$C$4*$J25*Input!$C$5)/(5*$F25*100000))^(1/4) -> 6.2040885 | M25: =((160*Input!$C$6*$J25)/(B25*$F25))^0.5 -> 9.324375 | N25: =((384*Input!$C$4*$J25*Input!$C$5)/(($F25*100000)))^(1/4) -> 9.2772762 | O25: =((240*Input!$C$6*$J25)/($B25*$F25))^0.5 -> 11.41998 | P25: =((185*Input!$G$4*($J25/(2.54)^4)*(Input!$G$5))/($F25*0.00571))^(1/4)*25.4/1000 -> 7.7292099 | Q25: =(((16*Input!$G$6*($J25/(2.54)^4))/(($B25/25.4)*($F25*0.00571)))^0.5)*25.4/1000 -> 9.3245679 | R25: =((384*Input!$G$4*($J25/(2.54)^4)*(Input!$G$5))/($F25*0.00571))^(1/4)*25.4/1000 -> 9.2773721 | S25: =(((24*Input!$G$6*($J25/(2.54)^4))/(($B25/25.4)*($F25*0.00571)))^0.5)*25.4/1000 -> 11.420217 | T25: =((Input!$G$4*($J25/(2.54)^4)*(Input!$G$5))/(17.1*$F25*0.06854))^(1/4)*0.3048 -> 6.6442718 | U25: =(((20*Input!$G$6*($J25/(2.54)^4))/(($B25/25.4)*($F25*0.00571)))^0.5)*25.4/1000 -> 10.425184 | V25: =((384*Input!$C$4*$J25*Input!$C$5)/(3*$F25*100000))^(1/4) -> 7.0492055 | W25: =(((200*Input!$C$6*($J25))/($B25*($F25)))^0.5) -> 10.424968 | X25: =MIN(L25:W25) -> 6.2040885 | Y25: 9 | Z25: 7.3 | AB25: =Z25/MIN(L25:W25) -> 1.1766434 | AC25: =Y25/X25 -> 1.4506563 | AD25: =Y25/MIN(N25:O25) -> 0.97011233
A26: 6 | B26: 168.27 | C26: Sch 80 | D26: 10.97 | E26: 100 | F26: =((3.1428*(B26^2-(B26-2*D26)^2)/4)*7.85/1000)*9.81 -> 417.62911 | G26: =(3.14*(B26+E26)*E26*Input!C$2/1000000)*9.81 -> 165.27256 | H26: =((3.14*(B26-2*D26)^2)/4*Input!C$3/1000000)*9.81 -> 164.89421 | I26: =(Input!C$8/1067)*'Bare+Vapour'!B26 -> 2.6021134 | J26: =((3.1428*(B26^4-(B26-(2*D26))^4)/64))/10000 -> 1685.4919 | K26: =(Input!C$9*(Input!C$7+I26)*D26^2)/(0.644*F26*((B26/2)*D26)^0.5) -> 101.24558 | L26: =((384*Input!$C$4*$J26*Input!$C$5)/(5*$F26*100000))^(1/4) -> 7.5638039 | M26: =((160*Input!$C$6*$J26)/(B26*$F26))^0.5 -> 11.422576 | N26: =((384*Input!$C$4*$J26*Input!$C$5)/(($F26*100000)))^(1/4) -> 11.310525 | O26: =((240*Input!$C$6*$J26)/($B26*$F26))^0.5 -> 13.989741 | P26: =((185*Input!$G$4*($J26/(2.54)^4)*(Input!$G$5))/($F26*0.00571))^(1/4)*25.4/1000 -> 9.4231776 | Q26: =(((16*Input!$G$6*($J26/(2.54)^4))/(($B26/25.4)*($F26*0.00571)))^0.5)*25.4/1000 -> 11.422812 | R26: =((384*Input!$G$4*($J26/(2.54)^4)*(Input!$G$5))/($F26*0.00571))^(1/4)*25.4/1000 -> 11.310642 | S26: =(((24*Input!$G$6*($J26/(2.54)^4))/(($B26/25.4)*($F26*0.00571)))^0.5)*25.4/1000 -> 13.990031 | T26: =((Input!$G$4*($J26/(2.54)^4)*(Input!$G$5))/(17.1*$F26*0.06854))^(1/4)*0.3048 -> 8.1004597 | U26: =(((20*Input!$G$6*($J26/(2.54)^4))/(($B26/25.4)*($F26*0.00571)))^0.5)*25.4/1000 -> 12.771092 | V26: =((384*Input!$C$4*$J26*Input!$C$5)/(3*$F26*100000))^(1/4) -> 8.5941404 | W26: =(((200*Input!$C$6*($J26))/($B26*($F26)))^0.5) -> 12.770828 | X26: =MIN(L26:W26) -> 7.5638039 | Y26: 10.5 | Z26: 8.9 | AB26: =Z26/MIN(L26:W26) -> 1.1766566 | AC26: =Y26/X26 -> 1.3881904 | AD26: =Y26/MIN(N26:O26) -> 0.92833888
A27: 8 | B27: 219.07 | C27: XS | D27: 12.7 | E27: 120 | F27: =((3.1428*(B27^2-(B27-2*D27)^2)/4)*7.85/1000)*9.81 -> 634.31604 | G27: =(3.14*(B27+E27)*E27*Input!C$2/1000000)*9.81 -> 250.66821 | H27: =((3.14*(B27-2*D27)^2)/4*Input!C$3/1000000)*9.81 -> 288.84401 | I27: =(Input!C$8/1067)*'Bare+Vapour'!B27 -> 3.3876804 | J27: =((3.1428*(B27^4-(B27-(2*D27))^4)/64))/10000 -> 4401.6125 | K27: =(Input!C$9*(Input!C$7+I27)*D27^2)/(0.644*F27*((B27/2)*D27)^0.5) -> 73.329911 | L27: =((384*Input!$C$4*$J27*Input!$C$5)/(5*$F27*100000))^(1/4) -> 8.6612947 | M27: =((160*Input!$C$6*$J27)/(B27*$F27))^0.5 -> 13.126866 | N27: =((384*Input!$C$4*$J27*Input!$C$5)/(($F27*100000)))^(1/4) -> 12.951656 | O27: =((240*Input!$C$6*$J27)/($B27*$F27))^0.5 -> 16.077062 | P27: =((185*Input!$G$4*($J27/(2.54)^4)*(Input!$G$5))/($F27*0.00571))^(1/4)*25.4/1000 -> 10.790459 | Q27: =(((16*Input!$G$6*($J27/(2.54)^4))/(($B27/25.4)*($F27*0.00571)))^0.5)*25.4/1000 -> 13.127138 | R27: =((384*Input!$G$4*($J27/(2.54)^4)*(Input!$G$5))/($F27*0.00571))^(1/4)*25.4/1000 -> 12.95179 | S27: =(((24*Input!$G$6*($J27/(2.54)^4))/(($B27/25.4)*($F27*0.00571)))^0.5)*25.4/1000 -> 16.077394 | T27: =((Input!$G$4*($J27/(2.54)^4)*(Input!$G$5))/(17.1*$F27*0.06854))^(1/4)*0.3048 -> 9.275818 | U27: =(((20*Input!$G$6*($J27/(2.54)^4))/(($B27/25.4)*($F27*0.00571)))^0.5)*25.4/1000 -> 14.676586 | V27: =((384*Input!$C$4*$J27*Input!$C$5)/(3*$F27*100000))^(1/4) -> 9.8411307 | W27: =(((200*Input!$C$6*($J27))/($B27*($F27)))^0.5) -> 14.676282 | X27: =MIN(L27:W27) -> 8.6612947 | Y27: 12 | Z27: 10.25 | AB27: =Z27/MIN(L27:W27) -> 1.1834259 | AC27: =Y27/X27 -> 1.3854742 | AD27: =Y27/MIN(N27:O27) -> 0.92652242
A28: 10 | B28: 273.05 | C28: XS | D28: 12.7 | E28: 120 | F28: =((3.1428*(B28^2-(B28-2*D28)^2)/4)*7.85/1000)*9.81 -> 800.23347 | G28: =(3.14*(B28+E28)*E28*Input!C$2/1000000)*9.81 -> 290.57463 | H28: =((3.14*(B28-2*D28)^2)/4*Input!C$3/1000000)*9.81 -> 472.29715 | I28: =(Input!C$8/1067)*'Bare+Vapour'!B28 -> 4.2224227 | J28: =((3.1428*(B28^4-(B28-(2*D28))^4)/64))/10000 -> 8825.4207 | K28: =(Input!C$9*(Input!C$7+I28)*D28^2)/(0.644*F28*((B28/2)*D28)^0.5) -> 52.484719 | L28: =((384*Input!$C$4*$J28*Input!$C$5)/(5*$F28*100000))^(1/4) -> 9.7249183 | M28: =((160*Input!$C$6*$J28)/(B28*$F28))^0.5 -> 14.823055 | N28: =((384*Input!$C$4*$J28*Input!$C$5)/(($F28*100000)))^(1/4) -> 14.542145 | O28: =((240*Input!$C$6*$J28)/($B28*$F28))^0.5 -> 18.15446 | P28: =((185*Input!$G$4*($J28/(2.54)^4)*(Input!$G$5))/($F28*0.00571))^(1/4)*25.4/1000 -> 12.115548 | Q28: =(((16*Input!$G$6*($J28/(2.54)^4))/(($B28/25.4)*($F28*0.00571)))^0.5)*25.4/1000 -> 14.823361 | R28: =((384*Input!$G$4*($J28/(2.54)^4)*(Input!$G$5))/($F28*0.00571))^(1/4)*25.4/1000 -> 14.542295 | S28: =(((24*Input!$G$6*($J28/(2.54)^4))/(($B28/25.4)*($F28*0.00571)))^0.5)*25.4/1000 -> 18.154836 | T28: =((Input!$G$4*($J28/(2.54)^4)*(Input!$G$5))/(17.1*$F28*0.06854))^(1/4)*0.3048 -> 10.414906 | U28: =(((20*Input!$G$6*($J28/(2.54)^4))/(($B28/25.4)*($F28*0.00571)))^0.5)*25.4/1000 -> 16.573022 | V28: =((384*Input!$C$4*$J28*Input!$C$5)/(3*$F28*100000))^(1/4) -> 11.04964 | W28: =(((200*Input!$C$6*($J28))/($B28*($F28)))^0.5) -> 16.572679 | X28: =MIN(L28:W28) -> 9.7249183 | Y28: 14 | Z28: 11.4 | AB28: =Z28/MIN(L28:W28) -> 1.1722464 | AC28: =Y28/X28 -> 1.4396008 | AD28: =Y28/MIN(N28:O28) -> 0.96271907
A29: 12 | B29: 323.85 | C29: XS | D29: 12.7 | E29: 120 | F29: =((3.1428*(B29^2-(B29-2*D29)^2)/4)*7.85/1000)*9.81 -> 956.37659 | G29: =(3.14*(B29+E29)*E29*Input!C$2/1000000)*9.81 -> 328.13014 | H29: =((3.14*(B29-2*D29)^2)/4*Input!C$3/1000000)*9.81 -> 685.93321 | I29: =(Input!C$8/1067)*'Bare+Vapour'!B29 -> 5.0079897 | J29: =((3.1428*(B29^4-(B29-(2*D29))^4)/64))/10000 -> 15054.378 | K29: =(Input!C$9*(Input!C$7+I29)*D29^2)/(0.644*F29*((B29/2)*D29)^0.5) -> 40.628517 | L29: =((384*Input!$C$4*$J29*Input!$C$5)/(5*$F29*100000))^(1/4) -> 10.629547 | M29: =((160*Input!$C$6*$J29)/(B29*$F29))^0.5 -> 16.260895 | N29: =((384*Input!$C$4*$J29*Input!$C$5)/(($F29*100000)))^(1/4) -> 15.89488 | O29: =((240*Input!$C$6*$J29)/($B29*$F29))^0.5 -> 19.915447 | P29: =((185*Input!$G$4*($J29/(2.54)^4)*(Input!$G$5))/($F29*0.00571))^(1/4)*25.4/1000 -> 13.242558 | Q29: =(((16*Input!$G$6*($J29/(2.54)^4))/(($B29/25.4)*($F29*0.00571)))^0.5)*25.4/1000 -> 16.261231 | R29: =((384*Input!$G$4*($J29/(2.54)^4)*(Input!$G$5))/($F29*0.00571))^(1/4)*25.4/1000 -> 15.895044 | S29: =(((24*Input!$G$6*($J29/(2.54)^4))/(($B29/25.4)*($F29*0.00571)))^0.5)*25.4/1000 -> 19.915859 | T29: =((Input!$G$4*($J29/(2.54)^4)*(Input!$G$5))/(17.1*$F29*0.06854))^(1/4)*0.3048 -> 11.383719 | U29: =(((20*Input!$G$6*($J29/(2.54)^4))/(($B29/25.4)*($F29*0.00571)))^0.5)*25.4/1000 -> 18.180609 | V29: =((384*Input!$C$4*$J29*Input!$C$5)/(3*$F29*100000))^(1/4) -> 12.077497 | W29: =(((200*Input!$C$6*($J29))/($B29*($F29)))^0.5) -> 18.180233 | X29: =MIN(L29:W29) -> 10.629547 | Y29: 15 | Z29: 12.5 | AB29: =Z29/MIN(L29:W29) -> 1.1759673 | AC29: =Y29/X29 -> 1.4111608 | AD29: =Y29/MIN(N29:O29) -> 0.94370011
A30: 14 | B30: 355.6 | C30: XS | D30: 12.7 | E30: 120 | F30: =((3.1428*(B30^2-(B30-2*D30)^2)/4)*7.85/1000)*9.81 -> 1053.966 | G30: =(3.14*(B30+E30)*E30*Input!C$2/1000000)*9.81 -> 351.60233 | H30: =((3.14*(B30-2*D30)^2)/4*Input!C$3/1000000)*9.81 -> 839.63939 | I30: =(Input!C$8/1067)*'Bare+Vapour'!B30 -> 5.4989691 | J30: =((3.1428*(B30^4-(B30-(2*D30))^4)/64))/10000 -> 20143.191 | K30: =(Input!C$9*(Input!C$7+I30)*D30^2)/(0.644*F30*((B30/2)*D30)^0.5) -> 35.346811 | L30: =((384*Input!$C$4*$J30*Input!$C$5)/(5*$F30*100000))^(1/4) -> 11.15788 | M30: =((160*Input!$C$6*$J30)/(B30*$F30))^0.5 -> 17.098948 | N30: =((384*Input!$C$4*$J30*Input!$C$5)/(($F30*100000)))^(1/4) -> 16.684923 | O30: =((240*Input!$C$6*$J30)/($B30*$F30))^0.5 -> 20.941849 | P30: =((185*Input!$G$4*($J30/(2.54)^4)*(Input!$G$5))/($F30*0.00571))^(1/4)*25.4/1000 -> 13.900769 | Q30: =(((16*Input!$G$6*($J30/(2.54)^4))/(($B30/25.4)*($F30*0.00571)))^0.5)*25.4/1000 -> 17.099302 | R30: =((384*Input!$G$4*($J30/(2.54)^4)*(Input!$G$5))/($F30*0.00571))^(1/4)*25.4/1000 -> 16.685095 | S30: =(((24*Input!$G$6*($J30/(2.54)^4))/(($B30/25.4)*($F30*0.00571)))^0.5)*25.4/1000 -> 20.942282 | T30: =((Input!$G$4*($J30/(2.54)^4)*(Input!$G$5))/(17.1*$F30*0.06854))^(1/4)*0.3048 -> 11.949538 | U30: =(((20*Input!$G$6*($J30/(2.54)^4))/(($B30/25.4)*($F30*0.00571)))^0.5)*25.4/1000 -> 19.117601 | V30: =((384*Input!$C$4*$J30*Input!$C$5)/(3*$F30*100000))^(1/4) -> 12.6778 | W30: =(((200*Input!$C$6*($J30))/($B30*($F30)))^0.5) -> 19.117205 | X30: =MIN(L30:W30) -> 11.15788 | Y30: 16 | Z30: 13 | AB30: =Z30/MIN(L30:W30) -> 1.1650958 | AC30: =Y30/X30 -> 1.4339641 | AD30: =Y30/MIN(N30:O30) -> 0.9589496
A31: 16 | B31: 406.4 | C31: XS | D31: 12.7 | E31: 120 | F31: =((3.1428*(B31^2-(B31-2*D31)^2)/4)*7.85/1000)*9.81 -> 1210.1091 | G31: =(3.14*(B31+E31)*E31*Input!C$2/1000000)*9.81 -> 389.15783 | H31: =((3.14*(B31-2*D31)^2)/4*Input!C$3/1000000)*9.81 -> 1117.8631 | I31: =(Input!C$8/1067)*'Bare+Vapour'!B31 -> 6.2845361 | J31: =((3.1428*(B31^4-(B31-(2*D31))^4)/64))/10000 -> 30477.435 | K31: =(Input!C$9*(Input!C$7+I31)*D31^2)/(0.644*F31*((B31/2)*D31)^0.5) -> 29.012036 | L31: =((384*Input!$C$4*$J31*Input!$C$5)/(5*$F31*100000))^(1/4) -> 11.954867 | M31: =((160*Input!$C$6*$J31)/(B31*$F31))^0.5 -> 18.361135 | N31: =((384*Input!$C$4*$J31*Input!$C$5)/(($F31*100000)))^(1/4) -> 17.876696 | O31: =((240*Input!$C$6*$J31)/($B31*$F31))^0.5 -> 22.487706 | P31: =((185*Input!$G$4*($J31/(2.54)^4)*(Input!$G$5))/($F31*0.00571))^(1/4)*25.4/1000 -> 14.893675 | Q31: =(((16*Input!$G$6*($J31/(2.54)^4))/(($B31/25.4)*($F31*0.00571)))^0.5)*25.4/1000 -> 18.361515 | R31: =((384*Input!$G$4*($J31/(2.54)^4)*(Input!$G$5))/($F31*0.00571))^(1/4)*25.4/1000 -> 17.876881 | S31: =(((24*Input!$G$6*($J31/(2.54)^4))/(($B31/25.4)*($F31*0.00571)))^0.5)*25.4/1000 -> 22.488171 | T31: =((Input!$G$4*($J31/(2.54)^4)*(Input!$G$5))/(17.1*$F31*0.06854))^(1/4)*0.3048 -> 12.803071 | U31: =(((20*Input!$G$6*($J31/(2.54)^4))/(($B31/25.4)*($F31*0.00571)))^0.5)*25.4/1000 -> 20.528798 | V31: =((384*Input!$C$4*$J31*Input!$C$5)/(3*$F31*100000))^(1/4) -> 13.583351 | W31: =(((200*Input!$C$6*($J31))/($B31*($F31)))^0.5) -> 20.528373 | X31: =MIN(L31:W31) -> 11.954867 | Y31: 17 | Z31: 14 | AB31: =Z31/MIN(L31:W31) -> 1.1710712 | AC31: =Y31/X31 -> 1.422015 | AD31: =Y31/MIN(N31:O31) -> 0.95095873
A32: 18 | B32: 457.2 | C32: XS | D32: 12.7 | E32: 120 | F32: =((3.1428*(B32^2-(B32-2*D32)^2)/4)*7.85/1000)*9.81 -> 1366.2523 | G32: =(3.14*(B32+E32)*E32*Input!C$2/1000000)*9.81 -> 426.71334 | H32: =((3.14*(B32-2*D32)^2)/4*Input!C$3/1000000)*9.81 -> 1435.833 | I32: =(Input!C$8/1067)*'Bare+Vapour'!B32 -> 7.0701031 | J32: =((3.1428*(B32^4-(B32-(2*D32))^4)/64))/10000 -> 43853.086 | K32: =(Input!C$9*(Input!C$7+I32)*D32^2)/(0.644*F32*((B32/2)*D32)^0.5) -> 24.405838 | L32: =((384*Input!$C$4*$J32*Input!$C$5)/(5*$F32*100000))^(1/4) -> 12.702044 | M32: =((160*Input!$C$6*$J32)/(B32*$F32))^0.5 -> 19.542538 | N32: =((384*Input!$C$4*$J32*Input!$C$5)/(($F32*100000)))^(1/4) -> 18.993985 | O32: =((240*Input!$C$6*$J32)/($B32*$F32))^0.5 -> 23.934623 | P32: =((185*Input!$G$4*($J32/(2.54)^4)*(Input!$G$5))/($F32*0.00571))^(1/4)*25.4/1000 -> 15.824526 | Q32: =(((16*Input!$G$6*($J32/(2.54)^4))/(($B32/25.4)*($F32*0.00571)))^0.5)*25.4/1000 -> 19.542942 | R32: =((384*Input!$G$4*($J32/(2.54)^4)*(Input!$G$5))/($F32*0.00571))^(1/4)*25.4/1000 -> 18.994182 | S32: =(((24*Input!$G$6*($J32/(2.54)^4))/(($B32/25.4)*($F32*0.00571)))^0.5)*25.4/1000 -> 23.935119 | T32: =((Input!$G$4*($J32/(2.54)^4)*(Input!$G$5))/(17.1*$F32*0.06854))^(1/4)*0.3048 -> 13.60326 | U32: =(((20*Input!$G$6*($J32/(2.54)^4))/(($B32/25.4)*($F32*0.00571)))^0.5)*25.4/1000 -> 21.849674 | V32: =((384*Input!$C$4*$J32*Input!$C$5)/(3*$F32*100000))^(1/4) -> 14.432308 | W32: =(((200*Input!$C$6*($J32))/($B32*($F32)))^0.5) -> 21.849222 | X32: =MIN(L32:W32) -> 12.702044 | Y32: 18 | Z32: 14.9 | AB32: =Z32/MIN(L32:W32) -> 1.1730396 | AC32: =Y32/X32 -> 1.4170948 | AD32: =Y32/MIN(N32:O32) -> 0.94766841
A33: 20 | B33: 508 | C33: XS | D33: 12.7 | E33: 140 | F33: =((3.1428*(B33^2-(B33-2*D33)^2)/4)*7.85/1000)*9.81 -> 1522.3954 | G33: =(3.14*(B33+E33)*E33*Input!C$2/1000000)*9.81 -> 558.89689 | H33: =((3.14*(B33-2*D33)^2)/4*Input!C$3/1000000)*9.81 -> 1793.5492 | I33: =(Input!C$8/1067)*'Bare+Vapour'!B33 -> 7.8556701 | J33: =((3.1428*(B33^4-(B33-(2*D33))^4)/64))/10000 -> 60662.583 | K33: =(Input!C$9*(Input!C$7+I33)*D33^2)/(0.644*F33*((B33/2)*D33)^0.5) -> 20.931154 | L33: =((384*Input!$C$4*$J33*Input!$C$5)/(5*$F33*100000))^(1/4) -> 13.407711 | M33: =((160*Input!$C$6*$J33)/(B33*$F33))^0.5 -> 20.65686 | N33: =((384*Input!$C$4*$J33*Input!$C$5)/(($F33*100000)))^(1/4) -> 20.049205 | O33: =((240*Input!$C$6*$J33)/($B33*$F33))^0.5 -> 25.299384 | P33: =((185*Input!$G$4*($J33/(2.54)^4)*(Input!$G$5))/($F33*0.00571))^(1/4)*25.4/1000 -> 16.703665 | Q33: =(((16*Input!$G$6*($J33/(2.54)^4))/(($B33/25.4)*($F33*0.00571)))^0.5)*25.4/1000 -> 20.657288 | R33: =((384*Input!$G$4*($J33/(2.54)^4)*(Input!$G$5))/($F33*0.00571))^(1/4)*25.4/1000 -> 20.049412 | S33: =(((24*Input!$G$6*($J33/(2.54)^4))/(($B33/25.4)*($F33*0.00571)))^0.5)*25.4/1000 -> 25.299907 | T33: =((Input!$G$4*($J33/(2.54)^4)*(Input!$G$5))/(17.1*$F33*0.06854))^(1/4)*0.3048 -> 14.358995 | U33: =(((20*Input!$G$6*($J33/(2.54)^4))/(($B33/25.4)*($F33*0.00571)))^0.5)*25.4/1000 -> 23.09555 | V33: =((384*Input!$C$4*$J33*Input!$C$5)/(3*$F33*100000))^(1/4) -> 15.234101 | W33: =(((200*Input!$C$6*($J33))/($B33*($F33)))^0.5) -> 23.095072 | X33: =MIN(L33:W33) -> 13.407711 | Y33: 19 | Z33: 15.6 | AB33: =Z33/MIN(L33:W33) -> 1.1635096 | AC33: =Y33/X33 -> 1.417095 | AD33: =Y33/MIN(N33:O33) -> 0.94766852
A34: 24 | B34: 609.6 | C34: XS | D34: 12.7 | E34: 140 | F34: =((3.1428*(B34^2-(B34-2*D34)^2)/4)*7.85/1000)*9.81 -> 1834.6816 | G34: =(3.14*(B34+E34)*E34*Input!C$2/1000000)*9.81 -> 646.5264 | H34: =((3.14*(B34-2*D34)^2)/4*Input!C$3/1000000)*9.81 -> 2628.2203 | I34: =(Input!C$8/1067)*'Bare+Vapour'!B34 -> 9.4268041 | J34: =((3.1428*(B34^4-(B34-(2*D34))^4)/64))/10000 -> 106152.88 | K34: =(Input!C$9*(Input!C$7+I34)*D34^2)/(0.644*F34*((B34/2)*D34)^0.5) -> 16.086073 | L34: =((384*Input!$C$4*$J34*Input!$C$5)/(5*$F34*100000))^(1/4) -> 14.718009 | M34: =((160*Input!$C$6*$J34)/(B34*$F34))^0.5 -> 22.722834 | N34: =((384*Input!$C$4*$J34*Input!$C$5)/(($F34*100000)))^(1/4) -> 22.008556 | O34: =((240*Input!$C$6*$J34)/($B34*$F34))^0.5 -> 27.829675 | P34: =((185*Input!$G$4*($J34/(2.54)^4)*(Input!$G$5))/($F34*0.00571))^(1/4)*25.4/1000 -> 18.336066 | Q34: =(((16*Input!$G$6*($J34/(2.54)^4))/(($B34/25.4)*($F34*0.00571)))^0.5)*25.4/1000 -> 22.723304 | R34: =((384*Input!$G$4*($J34/(2.54)^4)*(Input!$G$5))/($F34*0.00571))^(1/4)*25.4/1000 -> 22.008784 | S34: =(((24*Input!$G$6*($J34/(2.54)^4))/(($B34/25.4)*($F34*0.00571)))^0.5)*25.4/1000 -> 27.830251 | T34: =((Input!$G$4*($J34/(2.54)^4)*(Input!$G$5))/(17.1*$F34*0.06854))^(1/4)*0.3048 -> 15.762259 | U34: =(((20*Input!$G$6*($J34/(2.54)^4))/(($B34/25.4)*($F34*0.00571)))^0.5)*25.4/1000 -> 25.405427 | V34: =((384*Input!$C$4*$J34*Input!$C$5)/(3*$F34*100000))^(1/4) -> 16.722886 | W34: =(((200*Input!$C$6*($J34))/($B34*($F34)))^0.5) -> 25.404901 | X34: =MIN(L34:W34) -> 14.718009 | Y34: 21 | Z34: 17.2 | AB34: =Z34/MIN(L34:W34) -> 1.1686364 | AC34: =Y34/X34 -> 1.4268235 | AD34: =Y34/MIN(N34:O34) -> 0.95417436
A35: 1 | B35: 33.4 | C35: 10S | D35: 2.77 | E35: 40 | F35: =((3.1428*(B35^2-(B35-2*D35)^2)/4)*7.85/1000)*9.81 -> 20.534407 | G35: =(3.14*(B35+E35)*E35*Input!C$2/1000000)*9.81 -> 18.087756 | H35: =((3.14*(B35-2*D35)^2)/4*Input!C$3/1000000)*9.81 -> 5.9772427 | I35: =(Input!C$8/1067)*'Bare+Vapour'!B35 -> 0.51649485 | J35: =((3.1428*(B35^4-(B35-(2*D35))^4)/64))/10000 -> 3.1527162 | K35: =(Input!C$9*(Input!C$7+I35)*D35^2)/(0.644*F35*((B35/2)*D35)^0.5) -> 574.52048 | L35: =((384*Input!$C$4*$J35*Input!$C$5)/(5*$F35*100000))^(1/4) -> 3.3404653 | M35: =((160*Input!$C$6*$J35)/(B35*$F35))^0.5 -> 5.0006628 | N35: =((384*Input!$C$4*$J35*Input!$C$5)/(($F35*100000)))^(1/4) -> 4.9951607 | O35: =((240*Input!$C$6*$J35)/($B35*$F35))^0.5 -> 6.1245361 | P35: =((185*Input!$G$4*($J35/(2.54)^4)*(Input!$G$5))/($F35*0.00571))^(1/4)*25.4/1000 -> 4.1616359 | Q35: =(((16*Input!$G$6*($J35/(2.54)^4))/(($B35/25.4)*($F35*0.00571)))^0.5)*25.4/1000 -> 5.0007662 | R35: =((384*Input!$G$4*($J35/(2.54)^4)*(Input!$G$5))/($F35*0.00571))^(1/4)*25.4/1000 -> 4.9952123 | S35: =(((24*Input!$G$6*($J35/(2.54)^4))/(($B35/25.4)*($F35*0.00571)))^0.5)*25.4/1000 -> 6.1246628 | T35: =((Input!$G$4*($J35/(2.54)^4)*(Input!$G$5))/(17.1*$F35*0.06854))^(1/4)*0.3048 -> 3.577473 | U35: =(((20*Input!$G$6*($J35/(2.54)^4))/(($B35/25.4)*($F35*0.00571)))^0.5)*25.4/1000 -> 5.5910266 | V35: =((384*Input!$C$4*$J35*Input!$C$5)/(3*$F35*100000))^(1/4) -> 3.7955013 | W35: =(((200*Input!$C$6*($J35))/($B35*($F35)))^0.5) -> 5.590911 | X35: =MIN(L35:W35) -> 3.3404653 | Y35: 4.5 | Z35: 3.8 | AA35: 5.7 | AB35: =Z35/MIN(L35:W35) -> 1.1375661 | AC35: =Y35/X35 -> 1.3471177 | AD35: =Y35/MIN(N35:O35) -> 0.90087192
A36: 1.5 | B36: 48.26 | C36: 10S | D36: 2.77 | E36: 50 | F36: =((3.1428*(B36^2-(B36-2*D36)^2)/4)*7.85/1000)*9.81 -> 30.496578 | G36: =(3.14*(B36+E36)*E36*Input!C$2/1000000)*9.81 -> 30.267421 | H36: =((3.14*(B36-2*D36)^2)/4*Input!C$3/1000000)*9.81 -> 14.054039 | I36: =(Input!C$8/1067)*'Bare+Vapour'!B36 -> 0.74628866 | J36: =((3.1428*(B36^4-(B36-(2*D36))^4)/64))/10000 -> 10.281623 | K36: =(Input!C$9*(Input!C$7+I36)*D36^2)/(0.644*F36*((B36/2)*D36)^0.5) -> 322.55804 | L36: =((384*Input!$C$4*$J36*Input!$C$5)/(5*$F36*100000))^(1/4) -> 4.066389 | M36: =((160*Input!$C$6*$J36)/(B36*$F36))^0.5 -> 6.1646876 | N36: =((384*Input!$C$4*$J36*Input!$C$5)/(($F36*100000)))^(1/4) -> 6.0806699 | O36: =((240*Input!$C$6*$J36)/($B36*$F36))^0.5 -> 7.5501695 | P36: =((185*Input!$G$4*($J36/(2.54)^4)*(Input!$G$5))/($F36*0.00571))^(1/4)*25.4/1000 -> 5.06601 | Q36: =(((16*Input!$G$6*($J36/(2.54)^4))/(($B36/25.4)*($F36*0.00571)))^0.5)*25.4/1000 -> 6.1648151 | R36: =((384*Input!$G$4*($J36/(2.54)^4)*(Input!$G$5))/($F36*0.00571))^(1/4)*25.4/1000 -> 6.0807328 | S36: =(((24*Input!$G$6*($J36/(2.54)^4))/(($B36/25.4)*($F36*0.00571)))^0.5)*25.4/1000 -> 7.5503257 | T36: =((Input!$G$4*($J36/(2.54)^4)*(Input!$G$5))/(17.1*$F36*0.06854))^(1/4)*0.3048 -> 4.3549015 | U36: =(((20*Input!$G$6*($J36/(2.54)^4))/(($B36/25.4)*($F36*0.00571)))^0.5)*25.4/1000 -> 6.8924728 | V36: =((384*Input!$C$4*$J36*Input!$C$5)/(3*$F36*100000))^(1/4) -> 4.62031 | W36: =(((200*Input!$C$6*($J36))/($B36*($F36)))^0.5) -> 6.8923303 | X36: =MIN(L36:W36) -> 4.066389 | Y36: 5.5 | Z36: 4.7 | AA36: 7 | AB36: =Z36/MIN(L36:W36) -> 1.1558166 | AC36: =Y36/X36 -> 1.3525514 | AD36: =Y36/MIN(N36:O36) -> 0.90450561
A37: 2 | B37: 60.32 | C37: 10S | D37: 2.77 | E37: 50 | F37: =((3.1428*(B37^2-(B37-2*D37)^2)/4)*7.85/1000)*9.81 -> 38.581624 | G37: =(3.14*(B37+E37)*E37*Input!C$2/1000000)*9.81 -> 33.982311 | H37: =((3.14*(B37-2*D37)^2)/4*Input!C$3/1000000)*9.81 -> 23.109083 | I37: =(Input!C$8/1067)*'Bare+Vapour'!B37 -> 0.93278351 | J37: =((3.1428*(B37^4-(B37-(2*D37))^4)/64))/10000 -> 20.789664 | K37: =(Input!C$9*(Input!C$7+I37)*D37^2)/(0.644*F37*((B37/2)*D37)^0.5) -> 228.47815 | L37: =((384*Input!$C$4*$J37*Input!$C$5)/(5*$F37*100000))^(1/4) -> 4.5721769 | M37: =((160*Input!$C$6*$J37)/(B37*$F37))^0.5 -> 6.9711153 | N37: =((384*Input!$C$4*$J37*Input!$C$5)/(($F37*100000)))^(1/4) -> 6.8369992 | O37: =((240*Input!$C$6*$J37)/($B37*$F37))^0.5 -> 8.5378378 | P37: =((185*Input!$G$4*($J37/(2.54)^4)*(Input!$G$5))/($F37*0.00571))^(1/4)*25.4/1000 -> 5.6961333 | Q37: =(((16*Input!$G$6*($J37/(2.54)^4))/(($B37/25.4)*($F37*0.00571)))^0.5)*25.4/1000 -> 6.9712595 | R37: =((384*Input!$G$4*($J37/(2.54)^4)*(Input!$G$5))/($F37*0.00571))^(1/4)*25.4/1000 -> 6.8370699 | S37: =(((24*Input!$G$6*($J37/(2.54)^4))/(($B37/25.4)*($F37*0.00571)))^0.5)*25.4/1000 -> 8.5380144 | T37: =((Input!$G$4*($J37/(2.54)^4)*(Input!$G$5))/(17.1*$F37*0.06854))^(1/4)*0.3048 -> 4.8965753 | U37: =(((20*Input!$G$6*($J37/(2.54)^4))/(($B37/25.4)*($F37*0.00571)))^0.5)*25.4/1000 -> 7.7941051 | V37: =((384*Input!$C$4*$J37*Input!$C$5)/(3*$F37*100000))^(1/4) -> 5.194996 | W37: =(((200*Input!$C$6*($J37))/($B37*($F37)))^0.5) -> 7.7939439 | X37: =MIN(L37:W37) -> 4.5721769 | Y37: 6 | Z37: 5.3 | AA37: 7.9 | AB37: =Z37/MIN(L37:W37) -> 1.1591852 | AC37: =Y37/X37 -> 1.3122852 | AD37: =Y37/MIN(N37:O37) -> 0.87757799 | AE37: =AA37/MIN(R37,P37,N37) -> 1.3869057
A38: 2.5 | B38: 73.02 | C38: 10S | D38: 3.05 | E38: 50 | F38: =((3.1428*(B38^2-(B38-2*D38)^2)/4)*7.85/1000)*9.81 -> 51.649619 | G38: =(3.14*(B38+E38)*E38*Input!C$2/1000000)*9.81 -> 37.894343 | H38: =((3.14*(B38-2*D38)^2)/4*Input!C$3/1000000)*9.81 -> 34.486612 | I38: =(Input!C$8/1067)*'Bare+Vapour'!B38 -> 1.1291753 | J38: =((3.1428*(B38^4-(B38-(2*D38))^4)/64))/10000 -> 41.123175 | K38: =(Input!C$9*(Input!C$7+I38)*D38^2)/(0.644*F38*((B38/2)*D38)^0.5) -> 179.57345 | L38: =((384*Input!$C$4*$J38*Input!$C$5)/(5*$F38*100000))^(1/4) -> 5.0409358 | M38: =((160*Input!$C$6*$J38)/(B38*$F38))^0.5 -> 7.7017301 | N38: =((384*Input!$C$4*$J38*Input!$C$5)/(($F38*100000)))^(1/4) -> 7.5379572 | O38: =((240*Input!$C$6*$J38)/($B38*$F38))^0.5 -> 9.4326544 | P38: =((185*Input!$G$4*($J38/(2.54)^4)*(Input!$G$5))/($F38*0.00571))^(1/4)*25.4/1000 -> 6.2801249 | Q38: =(((16*Input!$G$6*($J38/(2.54)^4))/(($B38/25.4)*($F38*0.00571)))^0.5)*25.4/1000 -> 7.7018894 | R38: =((384*Input!$G$4*($J38/(2.54)^4)*(Input!$G$5))/($F38*0.00571))^(1/4)*25.4/1000 -> 7.5380351 | S38: =(((24*Input!$G$6*($J38/(2.54)^4))/(($B38/25.4)*($F38*0.00571)))^0.5)*25.4/1000 -> 9.4328495 | T38: =((Input!$G$4*($J38/(2.54)^4)*(Input!$G$5))/(17.1*$F38*0.06854))^(1/4)*0.3048 -> 5.3985928 | U38: =(((20*Input!$G$6*($J38/(2.54)^4))/(($B38/25.4)*($F38*0.00571)))^0.5)*25.4/1000 -> 8.6109741 | V38: =((384*Input!$C$4*$J38*Input!$C$5)/(3*$F38*100000))^(1/4) -> 5.7276088 | W38: =(((200*Input!$C$6*($J38))/($B38*($F38)))^0.5) -> 8.610796 | X38: =MIN(L38:W38) -> 5.0409358 | Y38: 7 | Z38: - | AA38: - | AB38: - | AC38: =Y38/X38 -> 1.3886311 | AD38: =Y38/MIN(N38:O38) -> 0.92863356
A39: 3 | B39: 88.9 | C39: 10S | D39: 3.05 | E39: 100 | F39: =((3.1428*(B39^2-(B39-2*D39)^2)/4)*7.85/1000)*9.81 -> 63.371728 | G39: =(3.14*(B39+E39)*E39*Input!C$2/1000000)*9.81 -> 116.37525 | H39: =((3.14*(B39-2*D39)^2)/4*Input!C$3/1000000)*9.81 -> 52.795795 | I39: =(Input!C$8/1067)*'Bare+Vapour'!B39 -> 1.3747423 | J39: =((3.1428*(B39^4-(B39-(2*D39))^4)/64))/10000 -> 75.909356 | K39: =(Input!C$9*(Input!C$7+I39)*D39^2)/(0.644*F39*((B39/2)*D39)^0.5) -> 132.9649 | L39: =((384*Input!$C$4*$J39*Input!$C$5)/(5*$F39*100000))^(1/4) -> 5.5828534 | M39: =((160*Input!$C$6*$J39)/(B39*$F39))^0.5 -> 8.5614721 | N39: =((384*Input!$C$4*$J39*Input!$C$5)/(($F39*100000)))^(1/4) -> 8.348313 | O39: =((240*Input!$C$6*$J39)/($B39*$F39))^0.5 -> 10.485619 | P39: =((185*Input!$G$4*($J39/(2.54)^4)*(Input!$G$5))/($F39*0.00571))^(1/4)*25.4/1000 -> 6.9552596 | Q39: =(((16*Input!$G$6*($J39/(2.54)^4))/(($B39/25.4)*($F39*0.00571)))^0.5)*25.4/1000 -> 8.5616492 | R39: =((384*Input!$G$4*($J39/(2.54)^4)*(Input!$G$5))/($F39*0.00571))^(1/4)*25.4/1000 -> 8.3483994 | S39: =(((24*Input!$G$6*($J39/(2.54)^4))/(($B39/25.4)*($F39*0.00571)))^0.5)*25.4/1000 -> 10.485836 | T39: =((Input!$G$4*($J39/(2.54)^4)*(Input!$G$5))/(17.1*$F39*0.06854))^(1/4)*0.3048 -> 5.9789598 | U39: =(((20*Input!$G$6*($J39/(2.54)^4))/(($B39/25.4)*($F39*0.00571)))^0.5)*25.4/1000 -> 9.5722148 | V39: =((384*Input!$C$4*$J39*Input!$C$5)/(3*$F39*100000))^(1/4) -> 6.3433462 | W39: =(((200*Input!$C$6*($J39))/($B39*($F39)))^0.5) -> 9.5720169 | X39: =MIN(L39:W39) -> 5.5828534 | Y39: 7.5 | Z39: 6.5 | AB39: =Z39/MIN(L39:W39) -> 1.1642792 | AC39: =Y39/X39 -> 1.3433991 | AD39: =Y39/MIN(N39:O39) -> 0.8983851
A40: 4 | B40: 114.3 | C40: 10S | D40: 3.05 | E40: 100 | F40: =((3.1428*(B40^2-(B40-2*D40)^2)/4)*7.85/1000)*9.81 -> 82.121196 | G40: =(3.14*(B40+E40)*E40*Input!C$2/1000000)*9.81 -> 132.02337 | H40: =((3.14*(B40-2*D40)^2)/4*Input!C$3/1000000)*9.81 -> 90.155699 | I40: =(Input!C$8/1067)*'Bare+Vapour'!B40 -> 1.7675258 | J40: =((3.1428*(B40^4-(B40-(2*D40))^4)/64))/10000 -> 165.10224 | K40: =(Input!C$9*(Input!C$7+I40)*D40^2)/(0.644*F40*((B40/2)*D40)^0.5) -> 90.841548 | L40: =((384*Input!$C$4*$J40*Input!$C$5)/(5*$F40*100000))^(1/4) -> 6.3544901 | M40: =((160*Input!$C$6*$J40)/(B40*$F40))^0.5 -> 9.7819442 | N40: =((384*Input!$C$4*$J40*Input!$C$5)/(($F40*100000)))^(1/4) -> 9.502179 | O40: =((240*Input!$C$6*$J40)/($B40*$F40))^0.5 -> 11.980386 | P40: =((185*Input!$G$4*($J40/(2.54)^4)*(Input!$G$5))/($F40*0.00571))^(1/4)*25.4/1000 -> 7.916584 | Q40: =(((16*Input!$G$6*($J40/(2.54)^4))/(($B40/25.4)*($F40*0.00571)))^0.5)*25.4/1000 -> 9.7821465 | R40: =((384*Input!$G$4*($J40/(2.54)^4)*(Input!$G$5))/($F40*0.00571))^(1/4)*25.4/1000 -> 9.5022773 | S40: =(((24*Input!$G$6*($J40/(2.54)^4))/(($B40/25.4)*($F40*0.00571)))^0.5)*25.4/1000 -> 11.980634 | T40: =((Input!$G$4*($J40/(2.54)^4)*(Input!$G$5))/(17.1*$F40*0.06854))^(1/4)*0.3048 -> 6.8053445 | U40: =(((20*Input!$G$6*($J40/(2.54)^4))/(($B40/25.4)*($F40*0.00571)))^0.5)*25.4/1000 -> 10.936772 | V40: =((384*Input!$C$4*$J40*Input!$C$5)/(3*$F40*100000))^(1/4) -> 7.2200947 | W40: =(((200*Input!$C$6*($J40))/($B40*($F40)))^0.5) -> 10.936546 | X40: =MIN(L40:W40) -> 6.3544901 | Y40: 8 | Z40: 7.4 | AB40: =Z40/MIN(L40:W40) -> 1.1645309 | AC40: =Y40/X40 -> 1.2589523 | AD40: =Y40/MIN(N40:O40) -> 0.84191215
A41: 6 | B41: 168.27 | C41: 10S | D41: 3.4 | E41: 100 | F41: =((3.1428*(B41^2-(B41-2*D41)^2)/4)*7.85/1000)*9.81 -> 135.66754 | G41: =(3.14*(B41+E41)*E41*Input!C$2/1000000)*9.81 -> 165.27256 | H41: =((3.14*(B41-2*D41)^2)/4*Input!C$3/1000000)*9.81 -> 200.78088 | I41: =(Input!C$8/1067)*'Bare+Vapour'!B41 -> 2.6021134 | J41: =((3.1428*(B41^4-(B41-(2*D41))^4)/64))/10000 -> 598.84613 | K41: =(Input!C$9*(Input!C$7+I41)*D41^2)/(0.644*F41*((B41/2)*D41)^0.5) -> 53.777338 | L41: =((384*Input!$C$4*$J41*Input!$C$5)/(5*$F41*100000))^(1/4) -> 7.7351031 | M41: =((160*Input!$C$6*$J41)/(B41*$F41))^0.5 -> 11.945814 | N41: =((384*Input!$C$4*$J41*Input!$C$5)/(($F41*100000)))^(1/4) -> 11.566677 | O41: =((240*Input!$C$6*$J41)/($B41*$F41))^0.5 -> 14.630574 | P41: =((185*Input!$G$4*($J41/(2.54)^4)*(Input!$G$5))/($F41*0.00571))^(1/4)*25.4/1000 -> 9.6365865 | Q41: =(((16*Input!$G$6*($J41/(2.54)^4))/(($B41/25.4)*($F41*0.00571)))^0.5)*25.4/1000 -> 11.946061 | R41: =((384*Input!$G$4*($J41/(2.54)^4)*(Input!$G$5))/($F41*0.00571))^(1/4)*25.4/1000 -> 11.566797 | S41: =(((24*Input!$G$6*($J41/(2.54)^4))/(($B41/25.4)*($F41*0.00571)))^0.5)*25.4/1000 -> 14.630877 | T41: =((Input!$G$4*($J41/(2.54)^4)*(Input!$G$5))/(17.1*$F41*0.06854))^(1/4)*0.3048 -> 8.2839127 | U41: =(((20*Input!$G$6*($J41/(2.54)^4))/(($B41/25.4)*($F41*0.00571)))^0.5)*25.4/1000 -> 13.356102 | V41: =((384*Input!$C$4*$J41*Input!$C$5)/(3*$F41*100000))^(1/4) -> 8.7887739 | W41: =(((200*Input!$C$6*($J41))/($B41*($F41)))^0.5) -> 13.355826 | X41: =MIN(L41:W41) -> 7.7351031 | Y41: 10 | Z41: 9 | AB41: =Z41/MIN(L41:W41) -> 1.1635268 | AC41: =Y41/X41 -> 1.2928076 | AD41: =Y41/MIN(N41:O41) -> 0.86455255
A42: 8 | B42: 219.07 | C42: 10S | D42: 3.76 | E42: 120 | F42: =((3.1428*(B42^2-(B42-2*D42)^2)/4)*7.85/1000)*9.81 -> 195.93294 | G42: =(3.14*(B42+E42)*E42*Input!C$2/1000000)*9.81 -> 250.66821 | H42: =((3.14*(B42-2*D42)^2)/4*Input!C$3/1000000)*9.81 -> 344.63924 | I42: =(Input!C$8/1067)*'Bare+Vapour'!B42 -> 3.3876804 | J42: =((3.1428*(B42^4-(B42-(2*D42))^4)/64))/10000 -> 1474.8221 | K42: =(Input!C$9*(Input!C$7+I42)*D42^2)/(0.644*F42*((B42/2)*D42)^0.5) -> 38.24332 | L42: =((384*Input!$C$4*$J42*Input!$C$5)/(5*$F42*100000))^(1/4) -> 8.8392278 | M42: =((160*Input!$C$6*$J42)/(B42*$F42))^0.5 -> 13.671749 | N42: =((384*Input!$C$4*$J42*Input!$C$5)/(($F42*100000)))^(1/4) -> 13.217729 | O42: =((240*Input!$C$6*$J42)/($B42*$F42))^0.5 -> 16.744405 | P42: =((185*Input!$G$4*($J42/(2.54)^4)*(Input!$G$5))/($F42*0.00571))^(1/4)*25.4/1000 -> 11.012133 | Q42: =(((16*Input!$G$6*($J42/(2.54)^4))/(($B42/25.4)*($F42*0.00571)))^0.5)*25.4/1000 -> 13.672032 | R42: =((384*Input!$G$4*($J42/(2.54)^4)*(Input!$G$5))/($F42*0.00571))^(1/4)*25.4/1000 -> 13.217865 | S42: =(((24*Input!$G$6*($J42/(2.54)^4))/(($B42/25.4)*($F42*0.00571)))^0.5)*25.4/1000 -> 16.744751 | T42: =((Input!$G$4*($J42/(2.54)^4)*(Input!$G$5))/(17.1*$F42*0.06854))^(1/4)*0.3048 -> 9.4663757 | U42: =(((20*Input!$G$6*($J42/(2.54)^4))/(($B42/25.4)*($F42*0.00571)))^0.5)*25.4/1000 -> 15.285796 | V42: =((384*Input!$C$4*$J42*Input!$C$5)/(3*$F42*100000))^(1/4) -> 10.043302 | W42: =(((200*Input!$C$6*($J42))/($B42*($F42)))^0.5) -> 15.28548 | X42: =MIN(L42:W42) -> 8.8392278 | Y42: 11.5 | Z42: 10.3 | AB42: =Z42/MIN(L42:W42) -> 1.1652602 | AC42: =Y42/X42 -> 1.3010186 | AD42: =Y42/MIN(N42:O42) -> 0.87004359
A43: 10 | B43: 273.05 | C43: 10S | D43: 4.19 | E43: 120 | F43: =((3.1428*(B43^2-(B43-2*D43)^2)/4)*7.85/1000)*9.81 -> 272.6438 | G43: =(3.14*(B43+E43)*E43*Input!C$2/1000000)*9.81 -> 290.57463 | H43: =((3.14*(B43-2*D43)^2)/4*Input!C$3/1000000)*9.81 -> 539.44615 | I43: =(Input!C$8/1067)*'Bare+Vapour'!B43 -> 4.2224227 | J43: =((3.1428*(B43^4-(B43-(2*D43))^4)/64))/10000 -> 3199.8147 | K43: =(Input!C$9*(Input!C$7+I43)*D43^2)/(0.644*F43*((B43/2)*D43)^0.5) -> 29.192374 | L43: =((384*Input!$C$4*$J43*Input!$C$5)/(5*$F43*100000))^(1/4) -> 9.8773077 | M43: =((160*Input!$C$6*$J43)/(B43*$F43))^0.5 -> 15.291249 | N43: =((384*Input!$C$4*$J43*Input!$C$5)/(($F43*100000)))^(1/4) -> 14.77002 | O43: =((240*Input!$C$6*$J43)/($B43*$F43))^0.5 -> 18.727879 | P43: =((185*Input!$G$4*($J43/(2.54)^4)*(Input!$G$5))/($F43*0.00571))^(1/4)*25.4/1000 -> 12.305399 | Q43: =(((16*Input!$G$6*($J43/(2.54)^4))/(($B43/25.4)*($F43*0.00571)))^0.5)*25.4/1000 -> 15.291565 | R43: =((384*Input!$G$4*($J43/(2.54)^4)*(Input!$G$5))/($F43*0.00571))^(1/4)*25.4/1000 -> 14.770173 | S43: =(((24*Input!$G$6*($J43/(2.54)^4))/(($B43/25.4)*($F43*0.00571)))^0.5)*25.4/1000 -> 18.728266 | T43: =((Input!$G$4*($J43/(2.54)^4)*(Input!$G$5))/(17.1*$F43*0.06854))^(1/4)*0.3048 -> 10.578108 | U43: =(((20*Input!$G$6*($J43/(2.54)^4))/(($B43/25.4)*($F43*0.00571)))^0.5)*25.4/1000 -> 17.09649 | V43: =((384*Input!$C$4*$J43*Input!$C$5)/(3*$F43*100000))^(1/4) -> 11.222788 | W43: =(((200*Input!$C$6*($J43))/($B43*($F43)))^0.5) -> 17.096136 | X43: =MIN(L43:W43) -> 9.8773077 | Y43: 13 | Z43: 11.5 | AB43: =Z43/MIN(L43:W43) -> 1.1642849 | AC43: =Y43/X43 -> 1.3161481 | AD43: =Y43/MIN(N43:O43) -> 0.88016129
A44: 12 | B44: 323.85 | C44: 10S | D44: 4.57 | E44: 120 | F44: =((3.1428*(B44^2-(B44-2*D44)^2)/4)*7.85/1000)*9.81 -> 353.13708 | G44: =(3.14*(B44+E44)*E44*Input!C$2/1000000)*9.81 -> 328.13014 | H44: =((3.14*(B44-2*D44)^2)/4*Input!C$3/1000000)*9.81 -> 762.71054 | I44: =(Input!C$8/1067)*'Bare+Vapour'!B44 -> 5.0079897 | J44: =((3.1428*(B44^4-(B44-(2*D44))^4)/64))/10000 -> 5844.496 | K44: =(Input!C$9*(Input!C$7+I44)*D44^2)/(0.644*F44*((B44/2)*D44)^0.5) -> 23.751186 | L44: =((384*Input!$C$4*$J44*Input!$C$5)/(5*$F44*100000))^(1/4) -> 10.763592 | M44: =((160*Input!$C$6*$J44)/(B44*$F44))^0.5 -> 16.6736 | N44: =((384*Input!$C$4*$J44*Input!$C$5)/(($F44*100000)))^(1/4) -> 16.095324 | O44: =((240*Input!$C$6*$J44)/($B44*$F44))^0.5 -> 20.420906 | P44: =((185*Input!$G$4*($J44/(2.54)^4)*(Input!$G$5))/($F44*0.00571))^(1/4)*25.4/1000 -> 13.409554 | Q44: =(((16*Input!$G$6*($J44/(2.54)^4))/(($B44/25.4)*($F44*0.00571)))^0.5)*25.4/1000 -> 16.673945 | R44: =((384*Input!$G$4*($J44/(2.54)^4)*(Input!$G$5))/($F44*0.00571))^(1/4)*25.4/1000 -> 16.09549 | S44: =(((24*Input!$G$6*($J44/(2.54)^4))/(($B44/25.4)*($F44*0.00571)))^0.5)*25.4/1000 -> 20.421328 | T44: =((Input!$G$4*($J44/(2.54)^4)*(Input!$G$5))/(17.1*$F44*0.06854))^(1/4)*0.3048 -> 11.527274 | U44: =(((20*Input!$G$6*($J44/(2.54)^4))/(($B44/25.4)*($F44*0.00571)))^0.5)*25.4/1000 -> 18.642037 | V44: =((384*Input!$C$4*$J44*Input!$C$5)/(3*$F44*100000))^(1/4) -> 12.229802 | W44: =(((200*Input!$C$6*($J44))/($B44*($F44)))^0.5) -> 18.641651 | X44: =MIN(L44:W44) -> 10.763592 | Y44: 14.5 | Z44: 12.5 | AB44: =Z44/MIN(L44:W44) -> 1.1613224 | AC44: =Y44/X44 -> 1.347134 | AD44: =Y44/MIN(N44:O44) -> 0.90088277
A45: 14 | B45: 355.6 | C45: 10S | D45: 4.78 | E45: 120 | F45: =((3.1428*(B45^2-(B45-2*D45)^2)/4)*7.85/1000)*9.81 -> 405.85196 | G45: =(3.14*(B45+E45)*E45*Input!C$2/1000000)*9.81 -> 351.60233 | H45: =((3.14*(B45-2*D45)^2)/4*Input!C$3/1000000)*9.81 -> 922.12813 | I45: =(Input!C$8/1067)*'Bare+Vapour'!B45 -> 5.4989691 | J45: =((3.1428*(B45^4-(B45-(2*D45))^4)/64))/10000 -> 8109.3922 | K45: =(Input!C$9*(Input!C$7+I45)*D45^2)/(0.644*F45*((B45/2)*D45)^0.5) -> 21.195588 | L45: =((384*Input!$C$4*$J45*Input!$C$5)/(5*$F45*100000))^(1/4) -> 11.282659 | M45: =((160*Input!$C$6*$J45)/(B45*$F45))^0.5 -> 17.483521 | N45: =((384*Input!$C$4*$J45*Input!$C$5)/(($F45*100000)))^(1/4) -> 16.87151 | O45: =((240*Input!$C$6*$J45)/($B45*$F45))^0.5 -> 21.412853 | P45: =((185*Input!$G$4*($J45/(2.54)^4)*(Input!$G$5))/($F45*0.00571))^(1/4)*25.4/1000 -> 14.056221 | Q45: =(((16*Input!$G$6*($J45/(2.54)^4))/(($B45/25.4)*($F45*0.00571)))^0.5)*25.4/1000 -> 17.483883 | R45: =((384*Input!$G$4*($J45/(2.54)^4)*(Input!$G$5))/($F45*0.00571))^(1/4)*25.4/1000 -> 16.871684 | S45: =(((24*Input!$G$6*($J45/(2.54)^4))/(($B45/25.4)*($F45*0.00571)))^0.5)*25.4/1000 -> 21.413296 | T45: =((Input!$G$4*($J45/(2.54)^4)*(Input!$G$5))/(17.1*$F45*0.06854))^(1/4)*0.3048 -> 12.083169 | U45: =(((20*Input!$G$6*($J45/(2.54)^4))/(($B45/25.4)*($F45*0.00571)))^0.5)*25.4/1000 -> 19.547575 | V45: =((384*Input!$C$4*$J45*Input!$C$5)/(3*$F45*100000))^(1/4) -> 12.819575 | W45: =(((200*Input!$C$6*($J45))/($B45*($F45)))^0.5) -> 19.547171 | X45: =MIN(L45:W45) -> 11.282659 | Y45: 15.5 | Z45: 13.1 | AB45: =Z45/MIN(L45:W45) -> 1.1610739 | AC45: =Y45/X45 -> 1.3737897 | AD45: =Y45/MIN(N45:O45) -> 0.91870853
A46: 16 | B46: 406.4 | C46: 10S | D46: 4.78 | E46: 120 | F46: =((3.1428*(B46^2-(B46-2*D46)^2)/4)*7.85/1000)*9.81 -> 464.62079 | G46: =(3.14*(B46+E46)*E46*Input!C$2/1000000)*9.81 -> 389.15783 | H46: =((3.14*(B46-2*D46)^2)/4*Input!C$3/1000000)*9.81 -> 1212.7451 | I46: =(Input!C$8/1067)*'Bare+Vapour'!B46 -> 6.2845361 | J46: =((3.1428*(B46^4-(B46-(2*D46))^4)/64))/10000 -> 12166.402 | K46: =(Input!C$9*(Input!C$7+I46)*D46^2)/(0.644*F46*((B46/2)*D46)^0.5) -> 17.447788 | L46: =((384*Input!$C$4*$J46*Input!$C$5)/(5*$F46*100000))^(1/4) -> 12.071804 | M46: =((160*Input!$C$6*$J46)/(B46*$F46))^0.5 -> 18.722092 | N46: =((384*Input!$C$4*$J46*Input!$C$5)/(($F46*100000)))^(1/4) -> 18.051557 | O46: =((240*Input!$C$6*$J46)/($B46*$F46))^0.5 -> 22.929786 | P46: =((185*Input!$G$4*($J46/(2.54)^4)*(Input!$G$5))/($F46*0.00571))^(1/4)*25.4/1000 -> 15.039358 | Q46: =(((16*Input!$G$6*($J46/(2.54)^4))/(($B46/25.4)*($F46*0.00571)))^0.5)*25.4/1000 -> 18.722479 | R46: =((384*Input!$G$4*($J46/(2.54)^4)*(Input!$G$5))/($F46*0.00571))^(1/4)*25.4/1000 -> 18.051744 | S46: =(((24*Input!$G$6*($J46/(2.54)^4))/(($B46/25.4)*($F46*0.00571)))^0.5)*25.4/1000 -> 22.93026 | T46: =((Input!$G$4*($J46/(2.54)^4)*(Input!$G$5))/(17.1*$F46*0.06854))^(1/4)*0.3048 -> 12.928305 | U46: =(((20*Input!$G$6*($J46/(2.54)^4))/(($B46/25.4)*($F46*0.00571)))^0.5)*25.4/1000 -> 20.932368 | V46: =((384*Input!$C$4*$J46*Input!$C$5)/(3*$F46*100000))^(1/4) -> 13.716217 | W46: =(((200*Input!$C$6*($J46))/($B46*($F46)))^0.5) -> 20.931935 | X46: =MIN(L46:W46) -> 12.071804 | Y46: 16.5 | Z46: 14 | AB46: =Z46/MIN(L46:W46) -> 1.1597273 | AC46: =Y46/X46 -> 1.3668214 | AD46: =Y46/MIN(N46:O46) -> 0.91404858
A47: 18 | B47: 457.2 | C47: 10S | D47: 4.78 | E47: 120 | F47: =((3.1428*(B47^2-(B47-2*D47)^2)/4)*7.85/1000)*9.81 -> 523.38961 | G47: =(3.14*(B47+E47)*E47*Input!C$2/1000000)*9.81 -> 426.71334 | H47: =((3.14*(B47-2*D47)^2)/4*Input!C$3/1000000)*9.81 -> 1543.1084 | I47: =(Input!C$8/1067)*'Bare+Vapour'!B47 -> 7.0701031 | J47: =((3.1428*(B47^4-(B47-(2*D47))^4)/64))/10000 -> 17391.159 | K47: =(Input!C$9*(Input!C$7+I47)*D47^2)/(0.644*F47*((B47/2)*D47)^0.5) -> 14.710783 | L47: =((384*Input!$C$4*$J47*Input!$C$5)/(5*$F47*100000))^(1/4) -> 12.812449 | M47: =((160*Input!$C$6*$J47)/(B47*$F47))^0.5 -> 19.883739 | N47: =((384*Input!$C$4*$J47*Input!$C$5)/(($F47*100000)))^(1/4) -> 19.15908 | O47: =((240*Input!$C$6*$J47)/($B47*$F47))^0.5 -> 24.352507 | P47: =((185*Input!$G$4*($J47/(2.54)^4)*(Input!$G$5))/($F47*0.00571))^(1/4)*25.4/1000 -> 15.962072 | Q47: =(((16*Input!$G$6*($J47/(2.54)^4))/(($B47/25.4)*($F47*0.00571)))^0.5)*25.4/1000 -> 19.88415 | R47: =((384*Input!$G$4*($J47/(2.54)^4)*(Input!$G$5))/($F47*0.00571))^(1/4)*25.4/1000 -> 19.159278 | S47: =(((24*Input!$G$6*($J47/(2.54)^4))/(($B47/25.4)*($F47*0.00571)))^0.5)*25.4/1000 -> 24.353011 | T47: =((Input!$G$4*($J47/(2.54)^4)*(Input!$G$5))/(17.1*$F47*0.06854))^(1/4)*0.3048 -> 13.721499 | U47: =(((20*Input!$G$6*($J47/(2.54)^4))/(($B47/25.4)*($F47*0.00571)))^0.5)*25.4/1000 -> 22.231156 | V47: =((384*Input!$C$4*$J47*Input!$C$5)/(3*$F47*100000))^(1/4) -> 14.557752 | W47: =(((200*Input!$C$6*($J47))/($B47*($F47)))^0.5) -> 22.230696 | X47: =MIN(L47:W47) -> 12.812449 | Y47: 17.5 | Z47: 14.9 | AB47: =Z47/MIN(L47:W47) -> 1.1629315 | AC47: =Y47/X47 -> 1.3658591 | AD47: =Y47/MIN(N47:O47) -> 0.91340505
A48: 20 | B48: 508 | C48: 10S | D48: 5.54 | E48: 140 | F48: =((3.1428*(B48^2-(B48-2*D48)^2)/4)*7.85/1000)*9.81 -> 673.70019 | G48: =(3.14*(B48+E48)*E48*Input!C$2/1000000)*9.81 -> 558.89689 | H48: =((3.14*(B48-2*D48)^2)/4*Input!C$3/1000000)*9.81 -> 1901.5669 | I48: =(Input!C$8/1067)*'Bare+Vapour'!B48 -> 7.8556701 | J48: =((3.1428*(B48^4-(B48-(2*D48))^4)/64))/10000 -> 27611.741 | K48: =(Input!C$9*(Input!C$7+I48)*D48^2)/(0.644*F48*((B48/2)*D48)^0.5) -> 13.627401 | L48: =((384*Input!$C$4*$J48*Input!$C$5)/(5*$F48*100000))^(1/4) -> 13.502465 | M48: =((160*Input!$C$6*$J48)/(B48*$F48))^0.5 -> 20.949862 | N48: =((384*Input!$C$4*$J48*Input!$C$5)/(($F48*100000)))^(1/4) -> 20.190895 | O48: =((240*Input!$C$6*$J48)/($B48*$F48))^0.5 -> 25.658236 | P48: =((185*Input!$G$4*($J48/(2.54)^4)*(Input!$G$5))/($F48*0.00571))^(1/4)*25.4/1000 -> 16.821712 | Q48: =(((16*Input!$G$6*($J48/(2.54)^4))/(($B48/25.4)*($F48*0.00571)))^0.5)*25.4/1000 -> 20.950295 | R48: =((384*Input!$G$4*($J48/(2.54)^4)*(Input!$G$5))/($F48*0.00571))^(1/4)*25.4/1000 -> 20.191104 | S48: =(((24*Input!$G$6*($J48/(2.54)^4))/(($B48/25.4)*($F48*0.00571)))^0.5)*25.4/1000 -> 25.658766 | T48: =((Input!$G$4*($J48/(2.54)^4)*(Input!$G$5))/(17.1*$F48*0.06854))^(1/4)*0.3048 -> 14.460472 | U48: =(((20*Input!$G$6*($J48/(2.54)^4))/(($B48/25.4)*($F48*0.00571)))^0.5)*25.4/1000 -> 23.423142 | V48: =((384*Input!$C$4*$J48*Input!$C$5)/(3*$F48*100000))^(1/4) -> 15.341762 | W48: =(((200*Input!$C$6*($J48))/($B48*($F48)))^0.5) -> 23.422657 | X48: =MIN(L48:W48) -> 13.502465 | Y48: 18.5 | Z48: 15.7 | AB48: =Z48/MIN(L48:W48) -> 1.1627506 | AC48: =Y48/X48 -> 1.3701202 | AD48: =Y48/MIN(N48:O48) -> 0.91625458
A49: 24 | B49: 609.6 | C49: 10S | D49: 6.35 | E49: 140 | F49: =((3.1428*(B49^2-(B49-2*D49)^2)/4)*7.85/1000)*9.81 -> 927.09975 | G49: =(3.14*(B49+E49)*E49*Input!C$2/1000000)*9.81 -> 646.5264 | H49: =((3.14*(B49-2*D49)^2)/4*Input!C$3/1000000)*9.81 -> 2743.7328 | I49: =(Input!C$8/1067)*'Bare+Vapour'!B49 -> 9.4268041 | J49: =((3.1428*(B49^4-(B49-(2*D49))^4)/64))/10000 -> 54769.729 | K49: =(Input!C$9*(Input!C$7+I49)*D49^2)/(0.644*F49*((B49/2)*D49)^0.5) -> 11.254839 | L49: =((384*Input!$C$4*$J49*Input!$C$5)/(5*$F49*100000))^(1/4) -> 14.794824 | M49: =((160*Input!$C$6*$J49)/(B49*$F49))^0.5 -> 22.960642 | N49: =((384*Input!$C$4*$J49*Input!$C$5)/(($F49*100000)))^(1/4) -> 22.123423 | O49: =((240*Input!$C$6*$J49)/($B49*$F49))^0.5 -> 28.120929 | P49: =((185*Input!$G$4*($J49/(2.54)^4)*(Input!$G$5))/($F49*0.00571))^(1/4)*25.4/1000 -> 18.431765 | Q49: =(((16*Input!$G$6*($J49/(2.54)^4))/(($B49/25.4)*($F49*0.00571)))^0.5)*25.4/1000 -> 22.961117 | R49: =((384*Input!$G$4*($J49/(2.54)^4)*(Input!$G$5))/($F49*0.00571))^(1/4)*25.4/1000 -> 22.123652 | S49: =(((24*Input!$G$6*($J49/(2.54)^4))/(($B49/25.4)*($F49*0.00571)))^0.5)*25.4/1000 -> 28.121511 | T49: =((Input!$G$4*($J49/(2.54)^4)*(Input!$G$5))/(17.1*$F49*0.06854))^(1/4)*0.3048 -> 15.844525 | U49: =(((20*Input!$G$6*($J49/(2.54)^4))/(($B49/25.4)*($F49*0.00571)))^0.5)*25.4/1000 -> 25.67131 | V49: =((384*Input!$C$4*$J49*Input!$C$5)/(3*$F49*100000))^(1/4) -> 16.810166 | W49: =(((200*Input!$C$6*($J49))/($B49*($F49)))^0.5) -> 25.670779 | X49: =MIN(L49:W49) -> 14.794824 | Y49: 20.5 | Z49: 17.2 | AB49: =Z49/MIN(L49:W49) -> 1.1625687 | AC49: =Y49/X49 -> 1.3856197 | AD49: =Y49/MIN(N49:O49) -> 0.92661973

Sheet Insul+Vapour
A1: Pipe Size | B1: Pipe OD | C1: Sch | D1: Thk | E1: Ins. Thk | F1: Pipe Wt+ Insul Wt | G1: Ins. Wt | H1: Water Wt | I1: Bearing width | J1: M.I | K1: Span per | L1: Simply Supported BS:3974 | N1: Continuous Beam BS:3974 | P1: Continuous Beam Span (Civil Hand Book) | R1: Fixed Beam Span (Civil Hand Book) | T1: Average Span (Kellog) | V1: Average Span (LC Peng) | X1: Least of All | Y1: FEED SPAN | AB1: QMS | AC1: QMS | AD1: QMS Vs
D2: mm | E2: mm | F2: N/m | G2: N/m | H2: N/m | I2: mm | J2: cm4 | K2: Indentation | L2: Deflection (Span in m) | M2: Stress (Span in m) | N2: Deflection (Span in m) | O2: Stress (Span in m) | P2: Deflection (Span in m) | Q2: Stress (Span in m) | R2: Deflection (Span in m) | S2: Stress (Span in m) | T2: Deflection (Span in m) | U2: Stress (Span in m) | V2: Deflection (Span in m) | W2: Stress (Span in m) | X2: Span (m) | Y2: Upto 175° C | Z2: 176 - 315° C | AA2: 316 - 400° C | AB2: Span | AC2: Rack Span | AD2: Least
A3: 0.75 | B3: 26.67 | C3: Sch 40 | D3: 2.87 | E3: 40 | F3: =(((3.1428*(B3^2-(B3-2*D3)^2)/4)*7.85/1000)*9.81)+G3 -> 32.960878 | G3: =(3.14*(B3+E3)*E3*Input!C$2/1000000)*9.81 -> 16.429301 | H3: =((3.14*(B3-2*D3)^2)/4*Input!C$3/1000000)*9.81 -> 3.3734721 | I3: =(Input!C$8/1067)*'Insul+Vapour'!B3 -> 0.41242268 | J3: =((3.1428*(B3^4-(B3-(2*D3))^4)/64))/10000 -> 1.5420887 | K3: =(Input!C$9*(Input!C$7+I3)*D3^2)/(0.644*F3*((B3/2)*D3)^0.5) -> 421.99174 | L3: =((384*Input!$C$4*$J3*Input!$C$5)/(5*$F3*100000))^(1/4) -> 2.481898 | M3: =((160*Input!$C$6*$J3)/(B3*$F3))^0.5 -> 3.0891801 | N3: =((384*Input!$C$4*$J3*Input!$C$5)/(($F3*100000)))^(1/4) -> 3.7113032 | O3: =((240*Input!$C$6*$J3)/($B3*$F3))^0.5 -> 3.7834575 | P3: =((185*Input!$G$4*($J3/(2.54)^4)*(Input!$G$5))/($F3*0.00571))^(1/4)*25.4/1000 -> 3.0920111 | Q3: =(((16*Input!$G$6*($J3/(2.54)^4))/(($B3/25.4)*($F3*0.00571)))^0.5)*25.4/1000 -> 3.089244 | R3: =((384*Input!$G$4*($J3/(2.54)^4)*(Input!$G$5))/($F3*0.00571))^(1/4)*25.4/1000 -> 3.7113415 | S3: =(((24*Input!$G$6*($J3/(2.54)^4))/(($B3/25.4)*($F3*0.00571)))^0.5)*25.4/1000 -> 3.7835358 | T3: =((Input!$G$4*($J3/(2.54)^4)*(Input!$G$5))/(17.1*$F3*0.06854))^(1/4)*0.3048 -> 2.65799 | U3: =(((20*Input!$G$6*($J3/(2.54)^4))/(($B3/25.4)*($F3*0.00571)))^0.5)*25.4/1000 -> 3.4538798 | V3: =((384*Input!$C$4*$J3*Input!$C$5)/(3*$F3*100000))^(1/4) -> 2.8199806 | W3: =(((200*Input!$C$6*($J3))/($B3*($F3)))^0.5) -> 3.4538084 | X3: =MIN(L3:W3) -> 2.481898 | Y3: 3.5 | Z3: 3.5 | AA3: 2.5 | AB3: - | AC3: -
A4: 1 | B4: 33.4 | C4: Sch 40 | D4: 3.38 | E4: 40 | F4: =(((3.1428*(B4^2-(B4-2*D4)^2)/4)*7.85/1000)*9.81)+G4 -> 42.64518 | G4: =(3.14*(B4+E4)*E4*Input!C$2/1000000)*9.81 -> 18.087756 | H4: =((3.14*(B4-2*D4)^2)/4*Input!C$3/1000000)*9.81 -> 5.4652132 | I4: =(Input!C$8/1067)*'Insul+Vapour'!B4 -> 0.51649485 | J4: =((3.1428*(B4^4-(B4-(2*D4))^4)/64))/10000 -> 3.6378636 | K4: =(Input!C$9*(Input!C$7+I4)*D4^2)/(0.644*F4*((B4/2)*D4)^0.5) -> 372.88347 | L4: =((384*Input!$C$4*$J4*Input!$C$5)/(5*$F4*100000))^(1/4) -> 2.8840342 | M4: =((160*Input!$C$6*$J4)/(B4*$F4))^0.5 -> 3.7274725 | N4: =((384*Input!$C$4*$J4*Input!$C$5)/(($F4*100000)))^(1/4) -> 4.312637 | O4: =((240*Input!$C$6*$J4)/($B4*$F4))^0.5 -> 4.5652028 | P4: =((185*Input!$G$4*($J4/(2.54)^4)*(Input!$G$5))/($F4*0.00571))^(1/4)*25.4/1000 -> 3.5930025 | Q4: =(((16*Input!$G$6*($J4/(2.54)^4))/(($B4/25.4)*($F4*0.00571)))^0.5)*25.4/1000 -> 3.7275496 | R4: =((384*Input!$G$4*($J4/(2.54)^4)*(Input!$G$5))/($F4*0.00571))^(1/4)*25.4/1000 -> 4.3126816 | S4: =(((24*Input!$G$6*($J4/(2.54)^4))/(($B4/25.4)*($F4*0.00571)))^0.5)*25.4/1000 -> 4.5652973 | T4: =((Input!$G$4*($J4/(2.54)^4)*(Input!$G$5))/(17.1*$F4*0.06854))^(1/4)*0.3048 -> 3.0886579 | U4: =(((20*Input!$G$6*($J4/(2.54)^4))/(($B4/25.4)*($F4*0.00571)))^0.5)*25.4/1000 -> 4.1675271 | V4: =((384*Input!$C$4*$J4*Input!$C$5)/(3*$F4*100000))^(1/4) -> 3.2768955 | W4: =(((200*Input!$C$6*($J4))/($B4*($F4)))^0.5) -> 4.1674409 | X4: =MIN(L4:W4) -> 2.8840342 | Y4: 4.5 | Z4: 4 | AA4: 3 | AB4: 3.3 | AC4: 5.2 | AD4: =AB4/MIN(L4:W4) -> 1.1442306
A5: 1.5 | B5: 48.26 | C5: Sch 40 | D5: 3.68 | E5: 50 | F5: =(((3.1428*(B5^2-(B5-2*D5)^2)/4)*7.85/1000)*9.81)+G5 -> 69.972246 | G5: =(3.14*(B5+E5)*E5*Input!C$2/1000000)*9.81 -> 30.267421 | H5: =((3.14*(B5-2*D5)^2)/4*Input!C$3/1000000)*9.81 -> 12.882059 | I5: =(Input!C$8/1067)*'Insul+Vapour'!B5 -> 0.74628866 | J5: =((3.1428*(B5^4-(B5-(2*D5))^4)/64))/10000 -> 12.895676 | K5: =(Input!C$9*(Input!C$7+I5)*D5^2)/(0.644*F5*((B5/2)*D5)^0.5) -> 215.27086 | L5: =((384*Input!$C$4*$J5*Input!$C$5)/(5*$F5*100000))^(1/4) -> 3.4965187 | M5: =((160*Input!$C$6*$J5)/(B5*$F5))^0.5 -> 4.5579015 | N5: =((384*Input!$C$4*$J5*Input!$C$5)/(($F5*100000)))^(1/4) -> 5.228515 | O5: =((240*Input!$C$6*$J5)/($B5*$F5))^0.5 -> 5.5822665 | P5: =((185*Input!$G$4*($J5/(2.54)^4)*(Input!$G$5))/($F5*0.00571))^(1/4)*25.4/1000 -> 4.3560512 | Q5: =(((16*Input!$G$6*($J5/(2.54)^4))/(($B5/25.4)*($F5*0.00571)))^0.5)*25.4/1000 -> 4.5579958 | R5: =((384*Input!$G$4*($J5/(2.54)^4)*(Input!$G$5))/($F5*0.00571))^(1/4)*25.4/1000 -> 5.2285691 | S5: =(((24*Input!$G$6*($J5/(2.54)^4))/(($B5/25.4)*($F5*0.00571)))^0.5)*25.4/1000 -> 5.582382 | T5: =((Input!$G$4*($J5/(2.54)^4)*(Input!$G$5))/(17.1*$F5*0.06854))^(1/4)*0.3048 -> 3.7445985 | U5: =(((20*Input!$G$6*($J5/(2.54)^4))/(($B5/25.4)*($F5*0.00571)))^0.5)*25.4/1000 -> 5.0959942 | V5: =((384*Input!$C$4*$J5*Input!$C$5)/(3*$F5*100000))^(1/4) -> 3.9728123 | W5: =(((200*Input!$C$6*($J5))/($B5*($F5)))^0.5) -> 5.0958888 | X5: =MIN(L5:W5) -> 3.4965187 | Y5: 5 | Z5: 5 | AA5: 4.5 | AB5: 3.9 | AC5: 6.3 | AD5: =AB5/MIN(L5:W5) -> 1.1153951
A6: 2 | B6: 60.32 | C6: Sch 40 | D6: 3.91 | E6: 50 | F6: =(((3.1428*(B6^2-(B6-2*D6)^2)/4)*7.85/1000)*9.81)+G6 -> 87.363503 | G6: =(3.14*(B6+E6)*E6*Input!C$2/1000000)*9.81 -> 33.982311 | H6: =((3.14*(B6-2*D6)^2)/4*Input!C$3/1000000)*9.81 -> 21.225468 | I6: =(Input!C$8/1067)*'Insul+Vapour'!B6 -> 0.93278351 | J6: =((3.1428*(B6^4-(B6-(2*D6))^4)/64))/10000 -> 27.704694 | K6: =(Input!C$9*(Input!C$7+I6)*D6^2)/(0.644*F6*((B6/2)*D6)^0.5) -> 169.21568 | L6: =((384*Input!$C$4*$J6*Input!$C$5)/(5*$F6*100000))^(1/4) -> 4.0046274 | M6: =((160*Input!$C$6*$J6)/(B6*$F6))^0.5 -> 5.3478651 | N6: =((384*Input!$C$4*$J6*Input!$C$5)/(($F6*100000)))^(1/4) -> 5.9883147 | O6: =((240*Input!$C$6*$J6)/($B6*$F6))^0.5 -> 6.5497703 | P6: =((185*Input!$G$4*($J6/(2.54)^4)*(Input!$G$5))/($F6*0.00571))^(1/4)*25.4/1000 -> 4.9890658 | Q6: =(((16*Input!$G$6*($J6/(2.54)^4))/(($B6/25.4)*($F6*0.00571)))^0.5)*25.4/1000 -> 5.3479757 | R6: =((384*Input!$G$4*($J6/(2.54)^4)*(Input!$G$5))/($F6*0.00571))^(1/4)*25.4/1000 -> 5.9883766 | S6: =(((24*Input!$G$6*($J6/(2.54)^4))/(($B6/25.4)*($F6*0.00571)))^0.5)*25.4/1000 -> 6.5499058 | T6: =((Input!$G$4*($J6/(2.54)^4)*(Input!$G$5))/(17.1*$F6*0.06854))^(1/4)*0.3048 -> 4.2887578 | U6: =(((20*Input!$G$6*($J6/(2.54)^4))/(($B6/25.4)*($F6*0.00571)))^0.5)*25.4/1000 -> 5.9792186 | V6: =((384*Input!$C$4*$J6*Input!$C$5)/(3*$F6*100000))^(1/4) -> 4.5501352 | W6: =(((200*Input!$C$6*($J6))/($B6*($F6)))^0.5) -> 5.9790949 | X6: =MIN(L6:W6) -> 4.0046274 | Y6: 5.5 | Z6: 5 | AA6: 4.5 | AB6: 4.25 | AC6: 7.1 | AD6: =AB6/MIN(L6:W6) -> 1.0612723
A7: 2.5 | B7: 73.02 | C7: Sch 40 | D7: 5.16 | E7: 50 | F7: =(((3.1428*(B7^2-(B7-2*D7)^2)/4)*7.85/1000)*9.81)+G7 -> 122.6403 | G7: =(3.14*(B7+E7)*E7*Input!C$2/1000000)*9.81 -> 37.894343 | H7: =((3.14*(B7-2*D7)^2)/4*Input!C$3/1000000)*9.81 -> 30.274275 | I7: =(Input!C$8/1067)*'Insul+Vapour'!B7 -> 1.1291753 | J7: =((3.1428*(B7^4-(B7-(2*D7))^4)/64))/10000 -> 63.712089 | K7: =(Input!C$9*(Input!C$7+I7)*D7^2)/(0.644*F7*((B7/2)*D7)^0.5) -> 166.41821 | L7: =((384*Input!$C$4*$J7*Input!$C$5)/(5*$F7*100000))^(1/4) -> 4.5305763 | M7: =((160*Input!$C$6*$J7)/(B7*$F7))^0.5 -> 6.2211814 | N7: =((384*Input!$C$4*$J7*Input!$C$5)/(($F7*100000)))^(1/4) -> 6.7747918 | O7: =((240*Input!$C$6*$J7)/($B7*$F7))^0.5 -> 7.61936 | P7: =((185*Input!$G$4*($J7/(2.54)^4)*(Input!$G$5))/($F7*0.00571))^(1/4)*25.4/1000 -> 5.6443062 | Q7: =(((16*Input!$G$6*($J7/(2.54)^4))/(($B7/25.4)*($F7*0.00571)))^0.5)*25.4/1000 -> 6.2213101 | R7: =((384*Input!$G$4*($J7/(2.54)^4)*(Input!$G$5))/($F7*0.00571))^(1/4)*25.4/1000 -> 6.7748618 | S7: =(((24*Input!$G$6*($J7/(2.54)^4))/(($B7/25.4)*($F7*0.00571)))^0.5)*25.4/1000 -> 7.6195176 | T7: =((Input!$G$4*($J7/(2.54)^4)*(Input!$G$5))/(17.1*$F7*0.06854))^(1/4)*0.3048 -> 4.8520231 | U7: =(((20*Input!$G$6*($J7/(2.54)^4))/(($B7/25.4)*($F7*0.00571)))^0.5)*25.4/1000 -> 6.9556361 | V7: =((384*Input!$C$4*$J7*Input!$C$5)/(3*$F7*100000))^(1/4) -> 5.1477285 | W7: =(((200*Input!$C$6*($J7))/($B7*($F7)))^0.5) -> 6.9554923 | X7: =MIN(L7:W7) -> 4.5305763 | Y7: 6.5 | Z7: 6 | AA7: 5 | AB7: - | AC7: - | AD7: -
A8: 3 | B8: 88.9 | C8: Sch 40 | D8: 5.49 | E8: 100 | F8: =(((3.1428*(B8^2-(B8-2*D8)^2)/4)*7.85/1000)*9.81)+G8 -> 227.20232 | G8: =(3.14*(B8+E8)*E8*Input!C$2/1000000)*9.81 -> 116.37525 | H8: =((3.14*(B8-2*D8)^2)/4*Input!C$3/1000000)*9.81 -> 46.755914 | I8: =(Input!C$8/1067)*'Insul+Vapour'!B8 -> 1.3747423 | J8: =((3.1428*(B8^4-(B8-(2*D8))^4)/64))/10000 -> 125.69872 | K8: =(Input!C$9*(Input!C$7+I8)*D8^2)/(0.644*F8*((B8/2)*D8)^0.5) -> 89.562987 | L8: =((384*Input!$C$4*$J8*Input!$C$5)/(5*$F8*100000))^(1/4) -> 4.6024153 | M8: =((160*Input!$C$6*$J8)/(B8*$F8))^0.5 -> 5.8184541 | N8: =((384*Input!$C$4*$J8*Input!$C$5)/(($F8*100000)))^(1/4) -> 6.8822161 | O8: =((240*Input!$C$6*$J8)/($B8*$F8))^0.5 -> 7.1261218 | P8: =((185*Input!$G$4*($J8/(2.54)^4)*(Input!$G$5))/($F8*0.00571))^(1/4)*25.4/1000 -> 5.7338051 | Q8: =(((16*Input!$G$6*($J8/(2.54)^4))/(($B8/25.4)*($F8*0.00571)))^0.5)*25.4/1000 -> 5.8185745 | R8: =((384*Input!$G$4*($J8/(2.54)^4)*(Input!$G$5))/($F8*0.00571))^(1/4)*25.4/1000 -> 6.8822873 | S8: =(((24*Input!$G$6*($J8/(2.54)^4))/(($B8/25.4)*($F8*0.00571)))^0.5)*25.4/1000 -> 7.1262692 | T8: =((Input!$G$4*($J8/(2.54)^4)*(Input!$G$5))/(17.1*$F8*0.06854))^(1/4)*0.3048 -> 4.9289591 | U8: =(((20*Input!$G$6*($J8/(2.54)^4))/(($B8/25.4)*($F8*0.00571)))^0.5)*25.4/1000 -> 6.505364 | V8: =((384*Input!$C$4*$J8*Input!$C$5)/(3*$F8*100000))^(1/4) -> 5.2293534 | W8: =(((200*Input!$C$6*($J8))/($B8*($F8)))^0.5) -> 6.5052295 | X8: =MIN(L8:W8) -> 4.6024153 | Y8: 7.5 | Z8: 6.5 | AA8: 5.5 | AB8: 4.8 | AC8: 8.2 | AD8: =AB8/MIN(L8:W8) -> 1.0429306
A9: 4 | B9: 114.3 | C9: Sch 40 | D9: 6.02 | E9: 100 | F9: =(((3.1428*(B9^2-(B9-2*D9)^2)/4)*7.85/1000)*9.81)+G9 -> 289.78455 | G9: =(3.14*(B9+E9)*E9*Input!C$2/1000000)*9.81 -> 132.02337 | H9: =((3.14*(B9-2*D9)^2)/4*Input!C$3/1000000)*9.81 -> 80.528617 | I9: =(Input!C$8/1067)*'Insul+Vapour'!B9 -> 1.7675258 | J9: =((3.1428*(B9^4-(B9-(2*D9))^4)/64))/10000 -> 301.16765 | K9: =(Input!C$9*(Input!C$7+I9)*D9^2)/(0.644*F9*((B9/2)*D9)^0.5) -> 71.385423 | L9: =((384*Input!$C$4*$J9*Input!$C$5)/(5*$F9*100000))^(1/4) -> 5.3881485 | M9: =((160*Input!$C$6*$J9)/(B9*$F9))^0.5 -> 7.0330366 | N9: =((384*Input!$C$4*$J9*Input!$C$5)/(($F9*100000)))^(1/4) -> 8.0571613 | O9: =((240*Input!$C$6*$J9)/($B9*$F9))^0.5 -> 8.6136755 | P9: =((185*Input!$G$4*($J9/(2.54)^4)*(Input!$G$5))/($F9*0.00571))^(1/4)*25.4/1000 -> 6.7126913 | Q9: =(((16*Input!$G$6*($J9/(2.54)^4))/(($B9/25.4)*($F9*0.00571)))^0.5)*25.4/1000 -> 7.0331821 | R9: =((384*Input!$G$4*($J9/(2.54)^4)*(Input!$G$5))/($F9*0.00571))^(1/4)*25.4/1000 -> 8.0572446 | S9: =(((24*Input!$G$6*($J9/(2.54)^4))/(($B9/25.4)*($F9*0.00571)))^0.5)*25.4/1000 -> 8.6138537 | T9: =((Input!$G$4*($J9/(2.54)^4)*(Input!$G$5))/(17.1*$F9*0.06854))^(1/4)*0.3048 -> 5.7704404 | U9: =(((20*Input!$G$6*($J9/(2.54)^4))/(($B9/25.4)*($F9*0.00571)))^0.5)*25.4/1000 -> 7.8633366 | V9: =((384*Input!$C$4*$J9*Input!$C$5)/(3*$F9*100000))^(1/4) -> 6.1221187 | W9: =(((200*Input!$C$6*($J9))/($B9*($F9)))^0.5) -> 7.863174 | X9: =MIN(L9:W9) -> 5.3881485 | Y9: 8 | Z9: 7.5 | AA9: 6.5 | AB9: 6.45 | AD9: =AB9/MIN(L9:W9) -> 1.1970717
A10: 6 | B10: 168.27 | C10: Sch 40 | D10: 7.11 | E10: 100 | F10: =(((3.1428*(B10^2-(B10-2*D10)^2)/4)*7.85/1000)*9.81)+G10 -> 442.59325 | G10: =(3.14*(B10+E10)*E10*Input!C$2/1000000)*9.81 -> 165.27256 | H10: =((3.14*(B10-2*D10)^2)/4*Input!C$3/1000000)*9.81 -> 182.75197 | I10: =(Input!C$8/1067)*'Insul+Vapour'!B10 -> 2.6021134 | J10: =((3.1428*(B10^4-(B10-(2*D10))^4)/64))/10000 -> 1171.4199 | K10: =(Input!C$9*(Input!C$7+I10)*D10^2)/(0.644*F10*((B10/2)*D10)^0.5) -> 49.849007 | L10: =((384*Input!$C$4*$J10*Input!$C$5)/(5*$F10*100000))^(1/4) -> 6.8066472 | M10: =((160*Input!$C$6*$J10)/(B10*$F10))^0.5 -> 9.2501764 | N10: =((384*Input!$C$4*$J10*Input!$C$5)/(($F10*100000)))^(1/4) -> 10.178312 | O10: =((240*Input!$C$6*$J10)/($B10*$F10))^0.5 -> 11.329106 | P10: =((185*Input!$G$4*($J10/(2.54)^4)*(Input!$G$5))/($F10*0.00571))^(1/4)*25.4/1000 -> 8.4798927 | Q10: =(((16*Input!$G$6*($J10/(2.54)^4))/(($B10/25.4)*($F10*0.00571)))^0.5)*25.4/1000 -> 9.2503677 | R10: =((384*Input!$G$4*($J10/(2.54)^4)*(Input!$G$5))/($F10*0.00571))^(1/4)*25.4/1000 -> 10.178417 | S10: =(((24*Input!$G$6*($J10/(2.54)^4))/(($B10/25.4)*($F10*0.00571)))^0.5)*25.4/1000 -> 11.32934 | T10: =((Input!$G$4*($J10/(2.54)^4)*(Input!$G$5))/(17.1*$F10*0.06854))^(1/4)*0.3048 -> 7.2895824 | U10: =(((20*Input!$G$6*($J10/(2.54)^4))/(($B10/25.4)*($F10*0.00571)))^0.5)*25.4/1000 -> 10.342226 | V10: =((384*Input!$C$4*$J10*Input!$C$5)/(3*$F10*100000))^(1/4) -> 7.7338444 | W10: =(((200*Input!$C$6*($J10))/($B10*($F10)))^0.5) -> 10.342012 | X10: =MIN(L10:W10) -> 6.8066472 | Y10: 10 | Z10: 9.5 | AA10: 8.5 | AB10: 7.95 | AD10: =AB10/MIN(L10:W10) -> 1.1679759
A11: 8 | B11: 219.07 | C11: Sch 40 | D11: 8.18 | E11: 120 | F11: =(((3.1428*(B11^2-(B11-2*D11)^2)/4)*7.85/1000)*9.81)+G11 -> 668.17611 | G11: =(3.14*(B11+E11)*E11*Input!C$2/1000000)*9.81 -> 250.66821 | H11: =((3.14*(B11-2*D11)^2)/4*Input!C$3/1000000)*9.81 -> 316.43828 | I11: =(Input!C$8/1067)*'Insul+Vapour'!B11 -> 3.3876804 | J11: =((3.1428*(B11^4-(B11-(2*D11))^4)/64))/10000 -> 3018.5678 | K11: =(Input!C$9*(Input!C$7+I11)*D11^2)/(0.644*F11*((B11/2)*D11)^0.5) -> 35.984898 | L11: =((384*Input!$C$4*$J11*Input!$C$5)/(5*$F11*100000))^(1/4) -> 7.7800749 | M11: =((160*Input!$C$6*$J11)/(B11*$F11))^0.5 -> 10.591635 | N11: =((384*Input!$C$4*$J11*Input!$C$5)/(($F11*100000)))^(1/4) -> 11.633926 | O11: =((240*Input!$C$6*$J11)/($B11*$F11))^0.5 -> 12.97205 | P11: =((185*Input!$G$4*($J11/(2.54)^4)*(Input!$G$5))/($F11*0.00571))^(1/4)*25.4/1000 -> 9.6926136 | Q11: =(((16*Input!$G$6*($J11/(2.54)^4))/(($B11/25.4)*($F11*0.00571)))^0.5)*25.4/1000 -> 10.591854 | R11: =((384*Input!$G$4*($J11/(2.54)^4)*(Input!$G$5))/($F11*0.00571))^(1/4)*25.4/1000 -> 11.634046 | S11: =(((24*Input!$G$6*($J11/(2.54)^4))/(($B11/25.4)*($F11*0.00571)))^0.5)*25.4/1000 -> 12.972318 | T11: =((Input!$G$4*($J11/(2.54)^4)*(Input!$G$5))/(17.1*$F11*0.06854))^(1/4)*0.3048 -> 8.3320753 | U11: =(((20*Input!$G$6*($J11/(2.54)^4))/(($B11/25.4)*($F11*0.00571)))^0.5)*25.4/1000 -> 11.842052 | V11: =((384*Input!$C$4*$J11*Input!$C$5)/(3*$F11*100000))^(1/4) -> 8.8398718 | W11: =(((200*Input!$C$6*($J11))/($B11*($F11)))^0.5) -> 11.841807 | X11: =MIN(L11:W11) -> 7.7800749 | Y11: 12 | Z11: 11 | AA11: 10 | AB11: 9.1 | AD11: =AB11/MIN(L11:W11) -> 1.1696545
A12: 10 | B12: 273.05 | C12: Sch 40 | D12: 9.27 | E12: 120 | F12: =(((3.1428*(B12^2-(B12-2*D12)^2)/4)*7.85/1000)*9.81)+G12 -> 882.37742 | G12: =(3.14*(B12+E12)*E12*Input!C$2/1000000)*9.81 -> 290.57463 | H12: =((3.14*(B12-2*D12)^2)/4*Input!C$3/1000000)*9.81 -> 498.82518 | I12: =(Input!C$8/1067)*'Insul+Vapour'!B12 -> 4.2224227 | J12: =((3.1428*(B12^4-(B12-(2*D12))^4)/64))/10000 -> 6692.1878 | K12: =(Input!C$9*(Input!C$7+I12)*D12^2)/(0.644*F12*((B12/2)*D12)^0.5) -> 29.683098 | L12: =((384*Input!$C$4*$J12*Input!$C$5)/(5*$F12*100000))^(1/4) -> 8.8559411 | M12: =((160*Input!$C$6*$J12)/(B12*$F12))^0.5 -> 12.292359 | N12: =((384*Input!$C$4*$J12*Input!$C$5)/(($F12*100000)))^(1/4) -> 13.242721 | O12: =((240*Input!$C$6*$J12)/($B12*$F12))^0.5 -> 15.055003 | P12: =((185*Input!$G$4*($J12/(2.54)^4)*(Input!$G$5))/($F12*0.00571))^(1/4)*25.4/1000 -> 11.032955 | Q12: =(((16*Input!$G$6*($J12/(2.54)^4))/(($B12/25.4)*($F12*0.00571)))^0.5)*25.4/1000 -> 12.292613 | R12: =((384*Input!$G$4*($J12/(2.54)^4)*(Input!$G$5))/($F12*0.00571))^(1/4)*25.4/1000 -> 13.242858 | S12: =(((24*Input!$G$6*($J12/(2.54)^4))/(($B12/25.4)*($F12*0.00571)))^0.5)*25.4/1000 -> 15.055315 | T12: =((Input!$G$4*($J12/(2.54)^4)*(Input!$G$5))/(17.1*$F12*0.06854))^(1/4)*0.3048 -> 9.4842747 | U12: =(((20*Input!$G$6*($J12/(2.54)^4))/(($B12/25.4)*($F12*0.00571)))^0.5)*25.4/1000 -> 13.743559 | V12: =((384*Input!$C$4*$J12*Input!$C$5)/(3*$F12*100000))^(1/4) -> 10.062292 | W12: =(((200*Input!$C$6*($J12))/($B12*($F12)))^0.5) -> 13.743275 | X12: =MIN(L12:W12) -> 8.8559411 | Y12: 13.5 | Z12: 13 | AA12: 12 | AB12: 10.3 | AD12: =AB12/MIN(L12:W12) -> 1.163061
A13: 12 | B13: 323.85 | C13: STD | D13: 9.53 | E13: 120 | F13: =(((3.1428*(B13^2-(B13-2*D13)^2)/4)*7.85/1000)*9.81)+G13 -> 1053.1006 | G13: =(3.14*(B13+E13)*E13*Input!C$2/1000000)*9.81 -> 328.13014 | H13: =((3.14*(B13-2*D13)^2)/4*Input!C$3/1000000)*9.81 -> 715.38543 | I13: =(Input!C$8/1067)*'Insul+Vapour'!B13 -> 5.0079897 | J13: =((3.1428*(B13^4-(B13-(2*D13))^4)/64))/10000 -> 11636.832 | K13: =(Input!C$9*(Input!C$7+I13)*D13^2)/(0.644*F13*((B13/2)*D13)^0.5) -> 23.984121 | L13: =((384*Input!$C$4*$J13*Input!$C$5)/(5*$F13*100000))^(1/4) -> 9.7296565 | M13: =((160*Input!$C$6*$J13)/(B13*$F13))^0.5 -> 13.624166 | N13: =((384*Input!$C$4*$J13*Input!$C$5)/(($F13*100000)))^(1/4) -> 14.54923 | O13: =((240*Input!$C$6*$J13)/($B13*$F13))^0.5 -> 16.686128 | P13: =((185*Input!$G$4*($J13/(2.54)^4)*(Input!$G$5))/($F13*0.00571))^(1/4)*25.4/1000 -> 12.121451 | Q13: =(((16*Input!$G$6*($J13/(2.54)^4))/(($B13/25.4)*($F13*0.00571)))^0.5)*25.4/1000 -> 13.624448 | R13: =((384*Input!$G$4*($J13/(2.54)^4)*(Input!$G$5))/($F13*0.00571))^(1/4)*25.4/1000 -> 14.54938 | S13: =(((24*Input!$G$6*($J13/(2.54)^4))/(($B13/25.4)*($F13*0.00571)))^0.5)*25.4/1000 -> 16.686473 | T13: =((Input!$G$4*($J13/(2.54)^4)*(Input!$G$5))/(17.1*$F13*0.06854))^(1/4)*0.3048 -> 10.419981 | U13: =(((20*Input!$G$6*($J13/(2.54)^4))/(($B13/25.4)*($F13*0.00571)))^0.5)*25.4/1000 -> 15.232596 | V13: =((384*Input!$C$4*$J13*Input!$C$5)/(3*$F13*100000))^(1/4) -> 11.055024 | W13: =(((200*Input!$C$6*($J13))/($B13*($F13)))^0.5) -> 15.232281 | X13: =MIN(L13:W13) -> 9.7296565 | Y13: 14.5 | Z13: 13.5 | AA13: 13 | AB13: 11.3 | AD13: =AB13/MIN(L13:W13) -> 1.1613976
A14: 14 | B14: 355.6 | C14: STD | D14: 9.53 | E14: 120 | F14: =(((3.1428*(B14^2-(B14-2*D14)^2)/4)*7.85/1000)*9.81)+G14 -> 1149.8033 | G14: =(3.14*(B14+E14)*E14*Input!C$2/1000000)*9.81 -> 351.60233 | H14: =((3.14*(B14-2*D14)^2)/4*Input!C$3/1000000)*9.81 -> 872.19189 | I14: =(Input!C$8/1067)*'Insul+Vapour'!B14 -> 5.4989691 | J14: =((3.1428*(B14^4-(B14-(2*D14))^4)/64))/10000 -> 15528.901 | K14: =(Input!C$9*(Input!C$7+I14)*D14^2)/(0.644*F14*((B14/2)*D14)^0.5) -> 21.061392 | L14: =((384*Input!$C$4*$J14*Input!$C$5)/(5*$F14*100000))^(1/4) -> 10.230234 | M14: =((160*Input!$C$6*$J14)/(B14*$F14))^0.5 -> 14.373984 | N14: =((384*Input!$C$4*$J14*Input!$C$5)/(($F14*100000)))^(1/4) -> 15.297768 | O14: =((240*Input!$C$6*$J14)/($B14*$F14))^0.5 -> 17.604463 | P14: =((185*Input!$G$4*($J14/(2.54)^4)*(Input!$G$5))/($F14*0.00571))^(1/4)*25.4/1000 -> 12.745084 | Q14: =(((16*Input!$G$6*($J14/(2.54)^4))/(($B14/25.4)*($F14*0.00571)))^0.5)*25.4/1000 -> 14.374281 | R14: =((384*Input!$G$4*($J14/(2.54)^4)*(Input!$G$5))/($F14*0.00571))^(1/4)*25.4/1000 -> 15.297927 | S14: =(((24*Input!$G$6*($J14/(2.54)^4))/(($B14/25.4)*($F14*0.00571)))^0.5)*25.4/1000 -> 17.604827 | T14: =((Input!$G$4*($J14/(2.54)^4)*(Input!$G$5))/(17.1*$F14*0.06854))^(1/4)*0.3048 -> 10.956075 | U14: =(((20*Input!$G$6*($J14/(2.54)^4))/(($B14/25.4)*($F14*0.00571)))^0.5)*25.4/1000 -> 16.070935 | V14: =((384*Input!$C$4*$J14*Input!$C$5)/(3*$F14*100000))^(1/4) -> 11.62379 | W14: =(((200*Input!$C$6*($J14))/($B14*($F14)))^0.5) -> 16.070603 | X14: =MIN(L14:W14) -> 10.230234 | Y14: 15 | Z14: 14.5 | AA14: 13.5 | AB14: 12 | AD14: =AB14/MIN(L14:W14) -> 1.1729937
A15: 16 | B15: 406.4 | C15: STD | D15: 9.53 | E15: 120 | F15: =(((3.1428*(B15^2-(B15-2*D15)^2)/4)*7.85/1000)*9.81)+G15 -> 1304.5276 | G15: =(3.14*(B15+E15)*E15*Input!C$2/1000000)*9.81 -> 389.15783 | H15: =((3.14*(B15-2*D15)^2)/4*Input!C$3/1000000)*9.81 -> 1155.376 | I15: =(Input!C$8/1067)*'Insul+Vapour'!B15 -> 6.2845361 | J15: =((3.1428*(B15^4-(B15-(2*D15))^4)/64))/10000 -> 23416.114 | K15: =(Input!C$9*(Input!C$7+I15)*D15^2)/(0.644*F15*((B15/2)*D15)^0.5) -> 17.493763 | L15: =((384*Input!$C$4*$J15*Input!$C$5)/(5*$F15*100000))^(1/4) -> 10.984282 | M15: =((160*Input!$C$6*$J15)/(B15*$F15))^0.5 -> 15.500773 | N15: =((384*Input!$C$4*$J15*Input!$C$5)/(($F15*100000)))^(1/4) -> 16.425333 | O15: =((240*Input!$C$6*$J15)/($B15*$F15))^0.5 -> 18.984493 | P15: =((185*Input!$G$4*($J15/(2.54)^4)*(Input!$G$5))/($F15*0.00571))^(1/4)*25.4/1000 -> 13.684495 | Q15: =(((16*Input!$G$6*($J15/(2.54)^4))/(($B15/25.4)*($F15*0.00571)))^0.5)*25.4/1000 -> 15.501094 | R15: =((384*Input!$G$4*($J15/(2.54)^4)*(Input!$G$5))/($F15*0.00571))^(1/4)*25.4/1000 -> 16.425502 | S15: =(((24*Input!$G$6*($J15/(2.54)^4))/(($B15/25.4)*($F15*0.00571)))^0.5)*25.4/1000 -> 18.984885 | T15: =((Input!$G$4*($J15/(2.54)^4)*(Input!$G$5))/(17.1*$F15*0.06854))^(1/4)*0.3048 -> 11.763622 | U15: =(((20*Input!$G$6*($J15/(2.54)^4))/(($B15/25.4)*($F15*0.00571)))^0.5)*25.4/1000 -> 17.33075 | V15: =((384*Input!$C$4*$J15*Input!$C$5)/(3*$F15*100000))^(1/4) -> 12.480554 | W15: =(((200*Input!$C$6*($J15))/($B15*($F15)))^0.5) -> 17.330392 | X15: =MIN(L15:W15) -> 10.984282 | Y15: 16 | Z15: 15.5 | AA15: 14.5 | AB15: 12.9 | AD15: =AB15/MIN(L15:W15) -> 1.1744054
A16: 18 | B16: 457.2 | C16: STD | D16: 9.53 | E16: 120 | F16: =(((3.1428*(B16^2-(B16-2*D16)^2)/4)*7.85/1000)*9.81)+G16 -> 1459.252 | G16: =(3.14*(B16+E16)*E16*Input!C$2/1000000)*9.81 -> 426.71334 | H16: =((3.14*(B16-2*D16)^2)/4*Input!C$3/1000000)*9.81 -> 1478.3065 | I16: =(Input!C$8/1067)*'Insul+Vapour'!B16 -> 7.0701031 | J16: =((3.1428*(B16^4-(B16-(2*D16))^4)/64))/10000 -> 33603.956 | K16: =(Input!C$9*(Input!C$7+I16)*D16^2)/(0.644*F16*((B16/2)*D16)^0.5) -> 14.853476 | L16: =((384*Input!$C$4*$J16*Input!$C$5)/(5*$F16*100000))^(1/4) -> 11.690183 | M16: =((160*Input!$C$6*$J16)/(B16*$F16))^0.5 -> 16.552988 | N16: =((384*Input!$C$4*$J16*Input!$C$5)/(($F16*100000)))^(1/4) -> 17.480901 | O16: =((240*Input!$C$6*$J16)/($B16*$F16))^0.5 -> 20.273187 | P16: =((185*Input!$G$4*($J16/(2.54)^4)*(Input!$G$5))/($F16*0.00571))^(1/4)*25.4/1000 -> 14.563925 | Q16: =(((16*Input!$G$6*($J16/(2.54)^4))/(($B16/25.4)*($F16*0.00571)))^0.5)*25.4/1000 -> 16.55333 | R16: =((384*Input!$G$4*($J16/(2.54)^4)*(Input!$G$5))/($F16*0.00571))^(1/4)*25.4/1000 -> 17.481082 | S16: =(((24*Input!$G$6*($J16/(2.54)^4))/(($B16/25.4)*($F16*0.00571)))^0.5)*25.4/1000 -> 20.273606 | T16: =((Input!$G$4*($J16/(2.54)^4)*(Input!$G$5))/(17.1*$F16*0.06854))^(1/4)*0.3048 -> 12.519608 | U16: =(((20*Input!$G$6*($J16/(2.54)^4))/(($B16/25.4)*($F16*0.00571)))^0.5)*25.4/1000 -> 18.507186 | V16: =((384*Input!$C$4*$J16*Input!$C$5)/(3*$F16*100000))^(1/4) -> 13.282612 | W16: =(((200*Input!$C$6*($J16))/($B16*($F16)))^0.5) -> 18.506803 | X16: =MIN(L16:W16) -> 11.690183 | Y16: 17 | Z16: 16.5 | AA16: 15 | AB16: 13.5 | AD16: =AB16/MIN(L16:W16) -> 1.1548151
A17: 20 | B17: 508 | C17: STD | D17: 9.53 | E17: 140 | F17: =(((3.1428*(B17^2-(B17-2*D17)^2)/4)*7.85/1000)*9.81)+G17 -> 1708.6043 | G17: =(3.14*(B17+E17)*E17*Input!C$2/1000000)*9.81 -> 558.89689 | H17: =((3.14*(B17-2*D17)^2)/4*Input!C$3/1000000)*9.81 -> 1840.9831 | I17: =(Input!C$8/1067)*'Insul+Vapour'!B17 -> 7.8556701 | J17: =((3.1428*(B17^4-(B17-(2*D17))^4)/64))/10000 -> 46386.911 | K17: =(Input!C$9*(Input!C$7+I17)*D17^2)/(0.644*F17*((B17/2)*D17)^0.5) -> 12.123078 | L17: =((384*Input!$C$4*$J17*Input!$C$5)/(5*$F17*100000))^(1/4) -> 12.181332 | M17: =((160*Input!$C$6*$J17)/(B17*$F17))^0.5 -> 17.050792 | N17: =((384*Input!$C$4*$J17*Input!$C$5)/(($F17*100000)))^(1/4) -> 18.21534 | O17: =((240*Input!$C$6*$J17)/($B17*$F17))^0.5 -> 20.882871 | P17: =((185*Input!$G$4*($J17/(2.54)^4)*(Input!$G$5))/($F17*0.00571))^(1/4)*25.4/1000 -> 15.17581 | Q17: =(((16*Input!$G$6*($J17/(2.54)^4))/(($B17/25.4)*($F17*0.00571)))^0.5)*25.4/1000 -> 17.051145 | R17: =((384*Input!$G$4*($J17/(2.54)^4)*(Input!$G$5))/($F17*0.00571))^(1/4)*25.4/1000 -> 18.215528 | S17: =(((24*Input!$G$6*($J17/(2.54)^4))/(($B17/25.4)*($F17*0.00571)))^0.5)*25.4/1000 -> 20.883303 | T17: =((Input!$G$4*($J17/(2.54)^4)*(Input!$G$5))/(17.1*$F17*0.06854))^(1/4)*0.3048 -> 13.045604 | U17: =(((20*Input!$G$6*($J17/(2.54)^4))/(($B17/25.4)*($F17*0.00571)))^0.5)*25.4/1000 -> 19.06376 | V17: =((384*Input!$C$4*$J17*Input!$C$5)/(3*$F17*100000))^(1/4) -> 13.840665 | W17: =(((200*Input!$C$6*($J17))/($B17*($F17)))^0.5) -> 19.063366 | X17: =MIN(L17:W17) -> 12.181332 | Y17: 18 | Z17: 17.5 | AA17: 16 | AB17: 14.5 | AD17: =AB17/MIN(L17:W17) -> 1.190346
A18: 24 | B18: 609.6 | C18: STD | D18: 9.53 | E18: 140 | F18: =(((3.1428*(B18^2-(B18-2*D18)^2)/4)*7.85/1000)*9.81)+G18 -> 2030.5714 | G18: =(3.14*(B18+E18)*E18*Input!C$2/1000000)*9.81 -> 646.5264 | H18: =((3.14*(B18-2*D18)^2)/4*Input!C$3/1000000)*9.81 -> 2685.5751 | I18: =(Input!C$8/1067)*'Insul+Vapour'!B18 -> 9.4268041 | J18: =((3.1428*(B18^4-(B18-(2*D18))^4)/64))/10000 -> 80916.097 | K18: =(Input!C$9*(Input!C$7+I18)*D18^2)/(0.644*F18*((B18/2)*D18)^0.5) -> 9.4477033 | L18: =((384*Input!$C$4*$J18*Input!$C$5)/(5*$F18*100000))^(1/4) -> 13.40789 | M18: =((160*Input!$C$6*$J18)/(B18*$F18))^0.5 -> 18.857551 | N18: =((384*Input!$C$4*$J18*Input!$C$5)/(($F18*100000)))^(1/4) -> 20.049472 | O18: =((240*Input!$C$6*$J18)/($B18*$F18))^0.5 -> 23.095689 | P18: =((185*Input!$G$4*($J18/(2.54)^4)*(Input!$G$5))/($F18*0.00571))^(1/4)*25.4/1000 -> 16.703888 | Q18: =(((16*Input!$G$6*($J18/(2.54)^4))/(($B18/25.4)*($F18*0.00571)))^0.5)*25.4/1000 -> 18.857941 | R18: =((384*Input!$G$4*($J18/(2.54)^4)*(Input!$G$5))/($F18*0.00571))^(1/4)*25.4/1000 -> 20.04968 | S18: =(((24*Input!$G$6*($J18/(2.54)^4))/(($B18/25.4)*($F18*0.00571)))^0.5)*25.4/1000 -> 23.096167 | T18: =((Input!$G$4*($J18/(2.54)^4)*(Input!$G$5))/(17.1*$F18*0.06854))^(1/4)*0.3048 -> 14.359187 | U18: =(((20*Input!$G$6*($J18/(2.54)^4))/(($B18/25.4)*($F18*0.00571)))^0.5)*25.4/1000 -> 21.083819 | V18: =((384*Input!$C$4*$J18*Input!$C$5)/(3*$F18*100000))^(1/4) -> 15.234305 | W18: =(((200*Input!$C$6*($J18))/($B18*($F18)))^0.5) -> 21.083383 | X18: =MIN(L18:W18) -> 13.40789 | Y18: 20 | Z18: 19 | AA18: 17.5 | AB18: 15.9 | AD18: =AB18/MIN(L18:W18) -> 1.1858689
A19: 0.75 | B19: 26.67 | C19: Sch 80 | D19: 3.91 | E19: 40 | F19: =(((3.1428*(B19^2-(B19-2*D19)^2)/4)*7.85/1000)*9.81)+G19 -> 37.967254 | G19: =(3.14*(B19+E19)*E19*Input!C$2/1000000)*9.81 -> 16.429301 | H19: =((3.14*(B19-2*D19)^2)/4*Input!C$3/1000000)*9.81 -> 2.7362853 | I19: =(Input!C$8/1067)*'Insul+Vapour'!B19 -> 0.41242268 | J19: =((3.1428*(B19^4-(B19-(2*D19))^4)/64))/10000 -> 1.8644554 | K19: =(Input!C$9*(Input!C$7+I19)*D19^2)/(0.644*F19*((B19/2)*D19)^0.5) -> 582.5535 | L19: =((384*Input!$C$4*$J19*Input!$C$5)/(5*$F19*100000))^(1/4) -> 2.5121293 | M19: =((160*Input!$C$6*$J19)/(B19*$F19))^0.5 -> 3.1648953 | N19: =((384*Input!$C$4*$J19*Input!$C$5)/(($F19*100000)))^(1/4) -> 3.7565095 | O19: =((240*Input!$C$6*$J19)/($B19*$F19))^0.5 -> 3.8761893 | P19: =((185*Input!$G$4*($J19/(2.54)^4)*(Input!$G$5))/($F19*0.00571))^(1/4)*25.4/1000 -> 3.129674 | Q19: =(((16*Input!$G$6*($J19/(2.54)^4))/(($B19/25.4)*($F19*0.00571)))^0.5)*25.4/1000 -> 3.1649607 | R19: =((384*Input!$G$4*($J19/(2.54)^4)*(Input!$G$5))/($F19*0.00571))^(1/4)*25.4/1000 -> 3.7565483 | S19: =(((24*Input!$G$6*($J19/(2.54)^4))/(($B19/25.4)*($F19*0.00571)))^0.5)*25.4/1000 -> 3.8762694 | T19: =((Input!$G$4*($J19/(2.54)^4)*(Input!$G$5))/(17.1*$F19*0.06854))^(1/4)*0.3048 -> 2.6903662 | U19: =(((20*Input!$G$6*($J19/(2.54)^4))/(($B19/25.4)*($F19*0.00571)))^0.5)*25.4/1000 -> 3.5385337 | V19: =((384*Input!$C$4*$J19*Input!$C$5)/(3*$F19*100000))^(1/4) -> 2.8543299 | W19: =(((200*Input!$C$6*($J19))/($B19*($F19)))^0.5) -> 3.5384605 | X19: =MIN(L19:W19) -> 2.5121293 | Y19: 3.5 | Z19: 3.5 | AA19: 2.5 | AB19: - | AC19: - | AD19: -
A20: 1 | B20: 33.4 | C20: Sch 80 | D20: 4.55 | E20: 40 | F20: =(((3.1428*(B20^2-(B20-2*D20)^2)/4)*7.85/1000)*9.81)+G20 -> 49.857421 | G20: =(3.14*(B20+E20)*E20*Input!C$2/1000000)*9.81 -> 18.087756 | H20: =((3.14*(B20-2*D20)^2)/4*Input!C$3/1000000)*9.81 -> 4.5472749 | I20: =(Input!C$8/1067)*'Insul+Vapour'!B20 -> 0.51649485 | J20: =((3.1428*(B20^4-(B20-(2*D20))^4)/64))/10000 -> 4.3989166 | K20: =(Input!C$9*(Input!C$7+I20)*D20^2)/(0.644*F20*((B20/2)*D20)^0.5) -> 498.14448 | L20: =((384*Input!$C$4*$J20*Input!$C$5)/(5*$F20*100000))^(1/4) -> 2.9084411 | M20: =((160*Input!$C$6*$J20)/(B20*$F20))^0.5 -> 3.7908289 | N20: =((384*Input!$C$4*$J20*Input!$C$5)/(($F20*100000)))^(1/4) -> 4.3491338 | O20: =((240*Input!$C$6*$J20)/($B20*$F20))^0.5 -> 4.6427982 | P20: =((185*Input!$G$4*($J20/(2.54)^4)*(Input!$G$5))/($F20*0.00571))^(1/4)*25.4/1000 -> 3.6234092 | Q20: =(((16*Input!$G$6*($J20/(2.54)^4))/(($B20/25.4)*($F20*0.00571)))^0.5)*25.4/1000 -> 3.7909073 | R20: =((384*Input!$G$4*($J20/(2.54)^4)*(Input!$G$5))/($F20*0.00571))^(1/4)*25.4/1000 -> 4.3491788 | S20: =(((24*Input!$G$6*($J20/(2.54)^4))/(($B20/25.4)*($F20*0.00571)))^0.5)*25.4/1000 -> 4.6428942 | T20: =((Input!$G$4*($J20/(2.54)^4)*(Input!$G$5))/(17.1*$F20*0.06854))^(1/4)*0.3048 -> 3.1147965 | U20: =(((20*Input!$G$6*($J20/(2.54)^4))/(($B20/25.4)*($F20*0.00571)))^0.5)*25.4/1000 -> 4.2383632 | V20: =((384*Input!$C$4*$J20*Input!$C$5)/(3*$F20*100000))^(1/4) -> 3.304627 | W20: =(((200*Input!$C$6*($J20))/($B20*($F20)))^0.5) -> 4.2382755 | X20: =MIN(L20:W20) -> 2.9084411 | Y20: 4.5 | Z20: 4 | AA20: 3 | AB20: 3.3 | AC20: 5.2 | AD20: =AB20/MIN(L20:W20) -> 1.1346285
A21: 1.5 | B21: 48.26 | C21: Sch 80 | D21: 5.08 | E21: 50 | F21: =(((3.1428*(B21^2-(B21-2*D21)^2)/4)*7.85/1000)*9.81)+G21 -> 83.35608 | G21: =(3.14*(B21+E21)*E21*Input!C$2/1000000)*9.81 -> 30.267421 | H21: =((3.14*(B21-2*D21)^2)/4*Input!C$3/1000000)*9.81 -> 11.178631 | I21: =(Input!C$8/1067)*'Insul+Vapour'!B21 -> 0.74628866 | J21: =((3.1428*(B21^4-(B21-(2*D21))^4)/64))/10000 -> 16.289515 | K21: =(Input!C$9*(Input!C$7+I21)*D21^2)/(0.644*F21*((B21/2)*D21)^0.5) -> 293.08771 | L21: =((384*Input!$C$4*$J21*Input!$C$5)/(5*$F21*100000))^(1/4) -> 3.5481258 | M21: =((160*Input!$C$6*$J21)/(B21*$F21))^0.5 -> 4.6934396 | N21: =((384*Input!$C$4*$J21*Input!$C$5)/(($F21*100000)))^(1/4) -> 5.3056855 | O21: =((240*Input!$C$6*$J21)/($B21*$F21))^0.5 -> 5.748266 | P21: =((185*Input!$G$4*($J21/(2.54)^4)*(Input!$G$5))/($F21*0.00571))^(1/4)*25.4/1000 -> 4.4203446 | Q21: =(((16*Input!$G$6*($J21/(2.54)^4))/(($B21/25.4)*($F21*0.00571)))^0.5)*25.4/1000 -> 4.6935366 | R21: =((384*Input!$G$4*($J21/(2.54)^4)*(Input!$G$5))/($F21*0.00571))^(1/4)*25.4/1000 -> 5.3057404 | S21: =(((24*Input!$G$6*($J21/(2.54)^4))/(($B21/25.4)*($F21*0.00571)))^0.5)*25.4/1000 -> 5.7483849 | T21: =((Input!$G$4*($J21/(2.54)^4)*(Input!$G$5))/(17.1*$F21*0.06854))^(1/4)*0.3048 -> 3.7998671 | U21: =(((20*Input!$G$6*($J21/(2.54)^4))/(($B21/25.4)*($F21*0.00571)))^0.5)*25.4/1000 -> 5.2475335 | V21: =((384*Input!$C$4*$J21*Input!$C$5)/(3*$F21*100000))^(1/4) -> 4.0314492 | W21: =(((200*Input!$C$6*($J21))/($B21*($F21)))^0.5) -> 5.247425 | X21: =MIN(L21:W21) -> 3.5481258 | Y21: 5 | Z21: 5 | AA21: 4.5 | AB21: 3.9 | AC21: 6.3 | AD21: =AB21/MIN(L21:W21) -> 1.0991719
A22: 2 | B22: 60.32 | C22: Sch 80 | D22: 5.54 | E22: 50 | F22: =(((3.1428*(B22^2-(B22-2*D22)^2)/4)*7.85/1000)*9.81)+G22 -> 107.43153 | G22: =(3.14*(B22+E22)*E22*Input!C$2/1000000)*9.81 -> 33.982311 | H22: =((3.14*(B22-2*D22)^2)/4*Input!C$3/1000000)*9.81 -> 18.671308 | I22: =(Input!C$8/1067)*'Insul+Vapour'!B22 -> 0.93278351 | J22: =((3.1428*(B22^4-(B22-(2*D22))^4)/64))/10000 -> 36.142805 | K22: =(Input!C$9*(Input!C$7+I22)*D22^2)/(0.644*F22*((B22/2)*D22)^0.5) -> 232.08036 | L22: =((384*Input!$C$4*$J22*Input!$C$5)/(5*$F22*100000))^(1/4) -> 4.0642349 | M22: =((160*Input!$C$6*$J22)/(B22*$F22))^0.5 -> 5.5082523 | N22: =((384*Input!$C$4*$J22*Input!$C$5)/(($F22*100000)))^(1/4) -> 6.0774488 | O22: =((240*Input!$C$6*$J22)/($B22*$F22))^0.5 -> 6.7462037 | P22: =((185*Input!$G$4*($J22/(2.54)^4)*(Input!$G$5))/($F22*0.00571))^(1/4)*25.4/1000 -> 5.0633264 | Q22: =(((16*Input!$G$6*($J22/(2.54)^4))/(($B22/25.4)*($F22*0.00571)))^0.5)*25.4/1000 -> 5.5083662 | R22: =((384*Input!$G$4*($J22/(2.54)^4)*(Input!$G$5))/($F22*0.00571))^(1/4)*25.4/1000 -> 6.0775116 | S22: =(((24*Input!$G$6*($J22/(2.54)^4))/(($B22/25.4)*($F22*0.00571)))^0.5)*25.4/1000 -> 6.7463433 | T22: =((Input!$G$4*($J22/(2.54)^4)*(Input!$G$5))/(17.1*$F22*0.06854))^(1/4)*0.3048 -> 4.3525945 | U22: =(((20*Input!$G$6*($J22/(2.54)^4))/(($B22/25.4)*($F22*0.00571)))^0.5)*25.4/1000 -> 6.1585407 | V22: =((384*Input!$C$4*$J22*Input!$C$5)/(3*$F22*100000))^(1/4) -> 4.6178624 | W22: =(((200*Input!$C$6*($J22))/($B22*($F22)))^0.5) -> 6.1584133 | X22: =MIN(L22:W22) -> 4.0642349 | Y22: 6 | Z22: 5 | AA22: 4.5 | AB22: 4.25 | AC22: 7.1 | AD22: =AB22/MIN(L22:W22) -> 1.0457073
A23: 2.5 | B23: 73.02 | C23: Sch 80 | D23: 7.01 | E23: 50 | F23: =(((3.1428*(B23^2-(B23-2*D23)^2)/4)*7.85/1000)*9.81)+G23 -> 149.88535 | G23: =(3.14*(B23+E23)*E23*Input!C$2/1000000)*9.81 -> 37.894343 | H23: =((3.14*(B23-2*D23)^2)/4*Input!C$3/1000000)*9.81 -> 26.806659 | I23: =(Input!C$8/1067)*'Insul+Vapour'!B23 -> 1.1291753 | J23: =((3.1428*(B23^4-(B23-(2*D23))^4)/64))/10000 -> 80.102184 | K23: =(Input!C$9*(Input!C$7+I23)*D23^2)/(0.644*F23*((B23/2)*D23)^0.5) -> 215.61418 | L23: =((384*Input!$C$4*$J23*Input!$C$5)/(5*$F23*100000))^(1/4) -> 4.5627595 | M23: =((160*Input!$C$6*$J23)/(B23*$F23))^0.5 -> 6.3098803 | N23: =((384*Input!$C$4*$J23*Input!$C$5)/(($F23*100000)))^(1/4) -> 6.8229168 | O23: =((240*Input!$C$6*$J23)/($B23*$F23))^0.5 -> 7.7279935 | P23: =((185*Input!$G$4*($J23/(2.54)^4)*(Input!$G$5))/($F23*0.00571))^(1/4)*25.4/1000 -> 5.6844008 | Q23: =(((16*Input!$G$6*($J23/(2.54)^4))/(($B23/25.4)*($F23*0.00571)))^0.5)*25.4/1000 -> 6.3100108 | R23: =((384*Input!$G$4*($J23/(2.54)^4)*(Input!$G$5))/($F23*0.00571))^(1/4)*25.4/1000 -> 6.8229874 | S23: =(((24*Input!$G$6*($J23/(2.54)^4))/(($B23/25.4)*($F23*0.00571)))^0.5)*25.4/1000 -> 7.7281534 | T23: =((Input!$G$4*($J23/(2.54)^4)*(Input!$G$5))/(17.1*$F23*0.06854))^(1/4)*0.3048 -> 4.8864897 | U23: =(((20*Input!$G$6*($J23/(2.54)^4))/(($B23/25.4)*($F23*0.00571)))^0.5)*25.4/1000 -> 7.0548065 | V23: =((384*Input!$C$4*$J23*Input!$C$5)/(3*$F23*100000))^(1/4) -> 5.1842957 | W23: =(((200*Input!$C$6*($J23))/($B23*($F23)))^0.5) -> 7.0546606 | X23: =MIN(L23:W23) -> 4.5627595 | Y23: 6.5 | Z23: 6 | AA23: 5.5 | AB23: - | AC23: - | AD23: -
A24: 3 | B24: 88.9 | C24: Sch 80 | D24: 7.62 | E24: 100 | F24: =(((3.1428*(B24^2-(B24-2*D24)^2)/4)*7.85/1000)*9.81)+G24 -> 266.27264 | G24: =(3.14*(B24+E24)*E24*Input!C$2/1000000)*9.81 -> 116.37525 | H24: =((3.14*(B24-2*D24)^2)/4*Input!C$3/1000000)*9.81 -> 41.783238 | I24: =(Input!C$8/1067)*'Insul+Vapour'!B24 -> 1.3747423 | J24: =((3.1428*(B24^4-(B24-(2*D24))^4)/64))/10000 -> 162.15606 | K24: =(Input!C$9*(Input!C$7+I24)*D24^2)/(0.644*F24*((B24/2)*D24)^0.5) -> 124.9651 | L24: =((384*Input!$C$4*$J24*Input!$C$5)/(5*$F24*100000))^(1/4) -> 4.7141994 | M24: =((160*Input!$C$6*$J24)/(B24*$F24))^0.5 -> 6.1045252 | N24: =((384*Input!$C$4*$J24*Input!$C$5)/(($F24*100000)))^(1/4) -> 7.0493723 | O24: =((240*Input!$C$6*$J24)/($B24*$F24))^0.5 -> 7.4764859 | P24: =((185*Input!$G$4*($J24/(2.54)^4)*(Input!$G$5))/($F24*0.00571))^(1/4)*25.4/1000 -> 5.8730685 | Q24: =(((16*Input!$G$6*($J24/(2.54)^4))/(($B24/25.4)*($F24*0.00571)))^0.5)*25.4/1000 -> 6.1046514 | R24: =((384*Input!$G$4*($J24/(2.54)^4)*(Input!$G$5))/($F24*0.00571))^(1/4)*25.4/1000 -> 7.0494452 | S24: =(((24*Input!$G$6*($J24/(2.54)^4))/(($B24/25.4)*($F24*0.00571)))^0.5)*25.4/1000 -> 7.4766406 | T24: =((Input!$G$4*($J24/(2.54)^4)*(Input!$G$5))/(17.1*$F24*0.06854))^(1/4)*0.3048 -> 5.0486743 | U24: =(((20*Input!$G$6*($J24/(2.54)^4))/(($B24/25.4)*($F24*0.00571)))^0.5)*25.4/1000 -> 6.8252078 | V24: =((384*Input!$C$4*$J24*Input!$C$5)/(3*$F24*100000))^(1/4) -> 5.3563646 | W24: =(((200*Input!$C$6*($J24))/($B24*($F24)))^0.5) -> 6.8250666 | X24: =MIN(L24:W24) -> 4.7141994 | Y24: 7.5 | Z24: 6.5 | AA24: 6 | AB24: 4.8 | AC24: 8.2 | AD24: =AB24/MIN(L24:W24) -> 1.0182005
A25: 4 | B25: 114.3 | C25: Sch 80 | D25: 8.56 | E25: 100 | F25: =(((3.1428*(B25^2-(B25-2*D25)^2)/4)*7.85/1000)*9.81)+G25 -> 351.08609 | G25: =(3.14*(B25+E25)*E25*Input!C$2/1000000)*9.81 -> 132.02337 | H25: =((3.14*(B25-2*D25)^2)/4*Input!C$3/1000000)*9.81 -> 72.726461 | I25: =(Input!C$8/1067)*'Insul+Vapour'!B25 -> 1.7675258 | J25: =((3.1428*(B25^4-(B25-(2*D25))^4)/64))/10000 -> 400.1799 | K25: =(Input!C$9*(Input!C$7+I25)*D25^2)/(0.644*F25*((B25/2)*D25)^0.5) -> 99.904961 | L25: =((384*Input!$C$4*$J25*Input!$C$5)/(5*$F25*100000))^(1/4) -> 5.5139992 | M25: =((160*Input!$C$6*$J25)/(B25*$F25))^0.5 -> 7.3654139 | N25: =((384*Input!$C$4*$J25*Input!$C$5)/(($F25*100000)))^(1/4) -> 8.2453519 | O25: =((240*Input!$C$6*$J25)/($B25*$F25))^0.5 -> 9.0207529 | P25: =((185*Input!$G$4*($J25/(2.54)^4)*(Input!$G$5))/($F25*0.00571))^(1/4)*25.4/1000 -> 6.8694792 | Q25: =(((16*Input!$G$6*($J25/(2.54)^4))/(($B25/25.4)*($F25*0.00571)))^0.5)*25.4/1000 -> 7.3655663 | R25: =((384*Input!$G$4*($J25/(2.54)^4)*(Input!$G$5))/($F25*0.00571))^(1/4)*25.4/1000 -> 8.2454372 | S25: =(((24*Input!$G$6*($J25/(2.54)^4))/(($B25/25.4)*($F25*0.00571)))^0.5)*25.4/1000 -> 9.0209395 | T25: =((Input!$G$4*($J25/(2.54)^4)*(Input!$G$5))/(17.1*$F25*0.06854))^(1/4)*0.3048 -> 5.9052203 | U25: =(((20*Input!$G$6*($J25/(2.54)^4))/(($B25/25.4)*($F25*0.00571)))^0.5)*25.4/1000 -> 8.2349534 | V25: =((384*Input!$C$4*$J25*Input!$C$5)/(3*$F25*100000))^(1/4) -> 6.2651126 | W25: =(((200*Input!$C$6*($J25))/($B25*($F25)))^0.5) -> 8.2347831 | X25: =MIN(L25:W25) -> 5.5139992 | Y25: 8 | Z25: 8 | AA25: 7 | AB25: 6.45 | AD25: =AB25/MIN(L25:W25) -> 1.1697499
A26: 6 | B26: 168.27 | C26: Sch 80 | D26: 10.97 | E26: 100 | F26: =(((3.1428*(B26^2-(B26-2*D26)^2)/4)*7.85/1000)*9.81)+G26 -> 582.90167 | G26: =(3.14*(B26+E26)*E26*Input!C$2/1000000)*9.81 -> 165.27256 | H26: =((3.14*(B26-2*D26)^2)/4*Input!C$3/1000000)*9.81 -> 164.89421 | I26: =(Input!C$8/1067)*'Insul+Vapour'!B26 -> 2.6021134 | J26: =((3.1428*(B26^4-(B26-(2*D26))^4)/64))/10000 -> 1685.4919 | K26: =(Input!C$9*(Input!C$7+I26)*D26^2)/(0.644*F26*((B26/2)*D26)^0.5) -> 72.538995 | L26: =((384*Input!$C$4*$J26*Input!$C$5)/(5*$F26*100000))^(1/4) -> 6.9588764 | M26: =((160*Input!$C$6*$J26)/(B26*$F26))^0.5 -> 9.6685597 | N26: =((384*Input!$C$4*$J26*Input!$C$5)/(($F26*100000)))^(1/4) -> 10.405947 | O26: =((240*Input!$C$6*$J26)/($B26*$F26))^0.5 -> 11.841519 | P26: =((185*Input!$G$4*($J26/(2.54)^4)*(Input!$G$5))/($F26*0.00571))^(1/4)*25.4/1000 -> 8.6695438 | Q26: =(((16*Input!$G$6*($J26/(2.54)^4))/(($B26/25.4)*($F26*0.00571)))^0.5)*25.4/1000 -> 9.6687597 | R26: =((384*Input!$G$4*($J26/(2.54)^4)*(Input!$G$5))/($F26*0.00571))^(1/4)*25.4/1000 -> 10.406055 | S26: =(((24*Input!$G$6*($J26/(2.54)^4))/(($B26/25.4)*($F26*0.00571)))^0.5)*25.4/1000 -> 11.841764 | T26: =((Input!$G$4*($J26/(2.54)^4)*(Input!$G$5))/(17.1*$F26*0.06854))^(1/4)*0.3048 -> 7.4526123 | U26: =(((20*Input!$G$6*($J26/(2.54)^4))/(($B26/25.4)*($F26*0.00571)))^0.5)*25.4/1000 -> 10.810002 | V26: =((384*Input!$C$4*$J26*Input!$C$5)/(3*$F26*100000))^(1/4) -> 7.9068102 | W26: =(((200*Input!$C$6*($J26))/($B26*($F26)))^0.5) -> 10.809778 | X26: =MIN(L26:W26) -> 6.9588764 | Y26: 10.5 | Z26: 10 | AA26: 9 | AB26: 7.95 | AD26: =AB26/MIN(L26:W26) -> 1.1424258
A27: 8 | B27: 219.07 | C27: XS | D27: 12.7 | E27: 120 | F27: =(((3.1428*(B27^2-(B27-2*D27)^2)/4)*7.85/1000)*9.81)+G27 -> 884.98425 | G27: =(3.14*(B27+E27)*E27*Input!C$2/1000000)*9.81 -> 250.66821 | H27: =((3.14*(B27-2*D27)^2)/4*Input!C$3/1000000)*9.81 -> 288.84401 | I27: =(Input!C$8/1067)*'Insul+Vapour'!B27 -> 3.3876804 | J27: =((3.1428*(B27^4-(B27-(2*D27))^4)/64))/10000 -> 4401.6125 | K27: =(Input!C$9*(Input!C$7+I27)*D27^2)/(0.644*F27*((B27/2)*D27)^0.5) -> 52.55951 | L27: =((384*Input!$C$4*$J27*Input!$C$5)/(5*$F27*100000))^(1/4) -> 7.969395 | M27: =((160*Input!$C$6*$J27)/(B27*$F27))^0.5 -> 11.113379 | N27: =((384*Input!$C$4*$J27*Input!$C$5)/(($F27*100000)))^(1/4) -> 11.917025 | O27: =((240*Input!$C$6*$J27)/($B27*$F27))^0.5 -> 13.611054 | P27: =((185*Input!$G$4*($J27/(2.54)^4)*(Input!$G$5))/($F27*0.00571))^(1/4)*25.4/1000 -> 9.9284732 | Q27: =(((16*Input!$G$6*($J27/(2.54)^4))/(($B27/25.4)*($F27*0.00571)))^0.5)*25.4/1000 -> 11.113609 | R27: =((384*Input!$G$4*($J27/(2.54)^4)*(Input!$G$5))/($F27*0.00571))^(1/4)*25.4/1000 -> 11.917148 | S27: =(((24*Input!$G$6*($J27/(2.54)^4))/(($B27/25.4)*($F27*0.00571)))^0.5)*25.4/1000 -> 13.611336 | T27: =((Input!$G$4*($J27/(2.54)^4)*(Input!$G$5))/(17.1*$F27*0.06854))^(1/4)*0.3048 -> 8.5348277 | U27: =(((20*Input!$G$6*($J27/(2.54)^4))/(($B27/25.4)*($F27*0.00571)))^0.5)*25.4/1000 -> 12.425393 | V27: =((384*Input!$C$4*$J27*Input!$C$5)/(3*$F27*100000))^(1/4) -> 9.0549809 | W27: =(((200*Input!$C$6*($J27))/($B27*($F27)))^0.5) -> 12.425136 | X27: =MIN(L27:W27) -> 7.969395 | Y27: 12 | Z27: 11.5 | AA27: 10.5 | AB27: 9.1 | AD27: =AB27/MIN(L27:W27) -> 1.1418684
A28: 10 | B28: 273.05 | C28: XS | D28: 12.7 | E28: 120 | F28: =(((3.1428*(B28^2-(B28-2*D28)^2)/4)*7.85/1000)*9.81)+G28 -> 1090.8081 | G28: =(3.14*(B28+E28)*E28*Input!C$2/1000000)*9.81 -> 290.57463 | H28: =((3.14*(B28-2*D28)^2)/4*Input!C$3/1000000)*9.81 -> 472.29715 | I28: =(Input!C$8/1067)*'Insul+Vapour'!B28 -> 4.2224227 | J28: =((3.1428*(B28^4-(B28-(2*D28))^4)/64))/10000 -> 8825.4207 | K28: =(Input!C$9*(Input!C$7+I28)*D28^2)/(0.644*F28*((B28/2)*D28)^0.5) -> 38.503591 | L28: =((384*Input!$C$4*$J28*Input!$C$5)/(5*$F28*100000))^(1/4) -> 9.0002184 | M28: =((160*Input!$C$6*$J28)/(B28*$F28))^0.5 -> 12.696145 | N28: =((384*Input!$C$4*$J28*Input!$C$5)/(($F28*100000)))^(1/4) -> 13.458466 | O28: =((240*Input!$C$6*$J28)/($B28*$F28))^0.5 -> 15.549539 | P28: =((185*Input!$G$4*($J28/(2.54)^4)*(Input!$G$5))/($F28*0.00571))^(1/4)*25.4/1000 -> 11.212699 | Q28: =(((16*Input!$G$6*($J28/(2.54)^4))/(($B28/25.4)*($F28*0.00571)))^0.5)*25.4/1000 -> 12.696408 | R28: =((384*Input!$G$4*($J28/(2.54)^4)*(Input!$G$5))/($F28*0.00571))^(1/4)*25.4/1000 -> 13.458605 | S28: =(((24*Input!$G$6*($J28/(2.54)^4))/(($B28/25.4)*($F28*0.00571)))^0.5)*25.4/1000 -> 15.549861 | T28: =((Input!$G$4*($J28/(2.54)^4)*(Input!$G$5))/(17.1*$F28*0.06854))^(1/4)*0.3048 -> 9.6387886 | U28: =(((20*Input!$G$6*($J28/(2.54)^4))/(($B28/25.4)*($F28*0.00571)))^0.5)*25.4/1000 -> 14.195016 | V28: =((384*Input!$C$4*$J28*Input!$C$5)/(3*$F28*100000))^(1/4) -> 10.226222 | W28: =(((200*Input!$C$6*($J28))/($B28*($F28)))^0.5) -> 14.194722 | X28: =MIN(L28:W28) -> 9.0002184 | Y28: 13.5 | Z28: 13 | AA28: 12 | AB28: 10.3 | AD28: =AB28/MIN(L28:W28) -> 1.1444167
A29: 12 | B29: 323.85 | C29: XS | D29: 12.7 | E29: 120 | F29: =(((3.1428*(B29^2-(B29-2*D29)^2)/4)*7.85/1000)*9.81)+G29 -> 1284.5067 | G29: =(3.14*(B29+E29)*E29*Input!C$2/1000000)*9.81 -> 328.13014 | H29: =((3.14*(B29-2*D29)^2)/4*Input!C$3/1000000)*9.81 -> 685.93321 | I29: =(Input!C$8/1067)*'Insul+Vapour'!B29 -> 5.0079897 | J29: =((3.1428*(B29^4-(B29-(2*D29))^4)/64))/10000 -> 15054.378 | K29: =(Input!C$9*(Input!C$7+I29)*D29^2)/(0.644*F29*((B29/2)*D29)^0.5) -> 30.249871 | L29: =((384*Input!$C$4*$J29*Input!$C$5)/(5*$F29*100000))^(1/4) -> 9.8738811 | M29: =((160*Input!$C$6*$J29)/(B29*$F29))^0.5 -> 14.031068 | N29: =((384*Input!$C$4*$J29*Input!$C$5)/(($F29*100000)))^(1/4) -> 14.764896 | O29: =((240*Input!$C$6*$J29)/($B29*$F29))^0.5 -> 17.184478 | P29: =((185*Input!$G$4*($J29/(2.54)^4)*(Input!$G$5))/($F29*0.00571))^(1/4)*25.4/1000 -> 12.30113 | Q29: =(((16*Input!$G$6*($J29/(2.54)^4))/(($B29/25.4)*($F29*0.00571)))^0.5)*25.4/1000 -> 14.031358 | R29: =((384*Input!$G$4*($J29/(2.54)^4)*(Input!$G$5))/($F29*0.00571))^(1/4)*25.4/1000 -> 14.765049 | S29: =(((24*Input!$G$6*($J29/(2.54)^4))/(($B29/25.4)*($F29*0.00571)))^0.5)*25.4/1000 -> 17.184833 | T29: =((Input!$G$4*($J29/(2.54)^4)*(Input!$G$5))/(17.1*$F29*0.06854))^(1/4)*0.3048 -> 10.574438 | U29: =(((20*Input!$G$6*($J29/(2.54)^4))/(($B29/25.4)*($F29*0.00571)))^0.5)*25.4/1000 -> 15.687535 | V29: =((384*Input!$C$4*$J29*Input!$C$5)/(3*$F29*100000))^(1/4) -> 11.218895 | W29: =(((200*Input!$C$6*($J29))/($B29*($F29)))^0.5) -> 15.68721 | X29: =MIN(L29:W29) -> 9.8738811 | Y29: 14.5 | Z29: 13.5 | AA29: 13 | AB29: 11.3 | AD29: =AB29/MIN(L29:W29) -> 1.1444335
A30: 14 | B30: 355.6 | C30: XS | D30: 12.7 | E30: 120 | F30: =(((3.1428*(B30^2-(B30-2*D30)^2)/4)*7.85/1000)*9.81)+G30 -> 1405.5684 | G30: =(3.14*(B30+E30)*E30*Input!C$2/1000000)*9.81 -> 351.60233 | H30: =((3.14*(B30-2*D30)^2)/4*Input!C$3/1000000)*9.81 -> 839.63939 | I30: =(Input!C$8/1067)*'Insul+Vapour'!B30 -> 5.4989691 | J30: =((3.1428*(B30^4-(B30-(2*D30))^4)/64))/10000 -> 20143.191 | K30: =(Input!C$9*(Input!C$7+I30)*D30^2)/(0.644*F30*((B30/2)*D30)^0.5) -> 26.504821 | L30: =((384*Input!$C$4*$J30*Input!$C$5)/(5*$F30*100000))^(1/4) -> 10.38306 | M30: =((160*Input!$C$6*$J30)/(B30*$F30))^0.5 -> 14.806647 | N30: =((384*Input!$C$4*$J30*Input!$C$5)/(($F30*100000)))^(1/4) -> 15.526296 | O30: =((240*Input!$C$6*$J30)/($B30*$F30))^0.5 -> 18.134365 | P30: =((185*Input!$G$4*($J30/(2.54)^4)*(Input!$G$5))/($F30*0.00571))^(1/4)*25.4/1000 -> 12.935478 | Q30: =(((16*Input!$G$6*($J30/(2.54)^4))/(($B30/25.4)*($F30*0.00571)))^0.5)*25.4/1000 -> 14.806953 | R30: =((384*Input!$G$4*($J30/(2.54)^4)*(Input!$G$5))/($F30*0.00571))^(1/4)*25.4/1000 -> 15.526456 | S30: =(((24*Input!$G$6*($J30/(2.54)^4))/(($B30/25.4)*($F30*0.00571)))^0.5)*25.4/1000 -> 18.13474 | T30: =((Input!$G$4*($J30/(2.54)^4)*(Input!$G$5))/(17.1*$F30*0.06854))^(1/4)*0.3048 -> 11.119743 | U30: =(((20*Input!$G$6*($J30/(2.54)^4))/(($B30/25.4)*($F30*0.00571)))^0.5)*25.4/1000 -> 16.554677 | V30: =((384*Input!$C$4*$J30*Input!$C$5)/(3*$F30*100000))^(1/4) -> 11.797434 | W30: =(((200*Input!$C$6*($J30))/($B30*($F30)))^0.5) -> 16.554335 | X30: =MIN(L30:W30) -> 10.38306 | Y30: 15 | Z30: 14.5 | AA30: 13.5 | AB30: 12 | AD30: =AB30/MIN(L30:W30) -> 1.1557287
A31: 16 | B31: 406.4 | C31: XS | D31: 12.7 | E31: 120 | F31: =(((3.1428*(B31^2-(B31-2*D31)^2)/4)*7.85/1000)*9.81)+G31 -> 1599.267 | G31: =(3.14*(B31+E31)*E31*Input!C$2/1000000)*9.81 -> 389.15783 | H31: =((3.14*(B31-2*D31)^2)/4*Input!C$3/1000000)*9.81 -> 1117.8631 | I31: =(Input!C$8/1067)*'Insul+Vapour'!B31 -> 6.2845361 | J31: =((3.1428*(B31^4-(B31-(2*D31))^4)/64))/10000 -> 30477.435 | K31: =(Input!C$9*(Input!C$7+I31)*D31^2)/(0.644*F31*((B31/2)*D31)^0.5) -> 21.952388 | L31: =((384*Input!$C$4*$J31*Input!$C$5)/(5*$F31*100000))^(1/4) -> 11.149892 | M31: =((160*Input!$C$6*$J31)/(B31*$F31))^0.5 -> 15.971706 | N31: =((384*Input!$C$4*$J31*Input!$C$5)/(($F31*100000)))^(1/4) -> 16.672977 | O31: =((240*Input!$C$6*$J31)/($B31*$F31))^0.5 -> 19.561265 | P31: =((185*Input!$G$4*($J31/(2.54)^4)*(Input!$G$5))/($F31*0.00571))^(1/4)*25.4/1000 -> 13.890816 | Q31: =(((16*Input!$G$6*($J31/(2.54)^4))/(($B31/25.4)*($F31*0.00571)))^0.5)*25.4/1000 -> 15.972037 | R31: =((384*Input!$G$4*($J31/(2.54)^4)*(Input!$G$5))/($F31*0.00571))^(1/4)*25.4/1000 -> 16.673149 | S31: =(((24*Input!$G$6*($J31/(2.54)^4))/(($B31/25.4)*($F31*0.00571)))^0.5)*25.4/1000 -> 19.56167 | T31: =((Input!$G$4*($J31/(2.54)^4)*(Input!$G$5))/(17.1*$F31*0.06854))^(1/4)*0.3048 -> 11.940982 | U31: =(((20*Input!$G$6*($J31/(2.54)^4))/(($B31/25.4)*($F31*0.00571)))^0.5)*25.4/1000 -> 17.85728 | V31: =((384*Input!$C$4*$J31*Input!$C$5)/(3*$F31*100000))^(1/4) -> 12.668723 | W31: =(((200*Input!$C$6*($J31))/($B31*($F31)))^0.5) -> 17.856911 | X31: =MIN(L31:W31) -> 11.149892 | Y31: 16 | Z31: 15.5 | AA31: 15 | AB31: 12.9 | AD31: =AB31/MIN(L31:W31) -> 1.1569619
A32: 18 | B32: 457.2 | C32: XS | D32: 12.7 | E32: 120 | F32: =(((3.1428*(B32^2-(B32-2*D32)^2)/4)*7.85/1000)*9.81)+G32 -> 1792.9656 | G32: =(3.14*(B32+E32)*E32*Input!C$2/1000000)*9.81 -> 426.71334 | H32: =((3.14*(B32-2*D32)^2)/4*Input!C$3/1000000)*9.81 -> 1435.833 | I32: =(Input!C$8/1067)*'Insul+Vapour'!B32 -> 7.0701031 | J32: =((3.1428*(B32^4-(B32-(2*D32))^4)/64))/10000 -> 43853.086 | K32: =(Input!C$9*(Input!C$7+I32)*D32^2)/(0.644*F32*((B32/2)*D32)^0.5) -> 18.597419 | L32: =((384*Input!$C$4*$J32*Input!$C$5)/(5*$F32*100000))^(1/4) -> 11.867612 | M32: =((160*Input!$C$6*$J32)/(B32*$F32))^0.5 -> 17.05927 | N32: =((384*Input!$C$4*$J32*Input!$C$5)/(($F32*100000)))^(1/4) -> 17.746219 | O32: =((240*Input!$C$6*$J32)/($B32*$F32))^0.5 -> 20.893253 | P32: =((185*Input!$G$4*($J32/(2.54)^4)*(Input!$G$5))/($F32*0.00571))^(1/4)*25.4/1000 -> 14.78497 | Q32: =(((16*Input!$G$6*($J32/(2.54)^4))/(($B32/25.4)*($F32*0.00571)))^0.5)*25.4/1000 -> 17.059623 | R32: =((384*Input!$G$4*($J32/(2.54)^4)*(Input!$G$5))/($F32*0.00571))^(1/4)*25.4/1000 -> 17.746402 | S32: =(((24*Input!$G$6*($J32/(2.54)^4))/(($B32/25.4)*($F32*0.00571)))^0.5)*25.4/1000 -> 20.893685 | T32: =((Input!$G$4*($J32/(2.54)^4)*(Input!$G$5))/(17.1*$F32*0.06854))^(1/4)*0.3048 -> 12.709625 | U32: =(((20*Input!$G$6*($J32/(2.54)^4))/(($B32/25.4)*($F32*0.00571)))^0.5)*25.4/1000 -> 19.073238 | V32: =((384*Input!$C$4*$J32*Input!$C$5)/(3*$F32*100000))^(1/4) -> 13.48421 | W32: =(((200*Input!$C$6*($J32))/($B32*($F32)))^0.5) -> 19.072843 | X32: =MIN(L32:W32) -> 11.867612 | Y32: 17.5 | Z32: 17 | AA32: 16 | AB32: 13.5 | AD32: =AB32/MIN(L32:W32) -> 1.1375498
A33: 20 | B33: 508 | C33: XS | D33: 12.7 | E33: 140 | F33: =(((3.1428*(B33^2-(B33-2*D33)^2)/4)*7.85/1000)*9.81)+G33 -> 2081.2923 | G33: =(3.14*(B33+E33)*E33*Input!C$2/1000000)*9.81 -> 558.89689 | H33: =((3.14*(B33-2*D33)^2)/4*Input!C$3/1000000)*9.81 -> 1793.5492 | I33: =(Input!C$8/1067)*'Insul+Vapour'!B33 -> 7.8556701 | J33: =((3.1428*(B33^4-(B33-(2*D33))^4)/64))/10000 -> 60662.583 | K33: =(Input!C$9*(Input!C$7+I33)*D33^2)/(0.644*F33*((B33/2)*D33)^0.5) -> 15.310436 | L33: =((384*Input!$C$4*$J33*Input!$C$5)/(5*$F33*100000))^(1/4) -> 12.399473 | M33: =((160*Input!$C$6*$J33)/(B33*$F33))^0.5 -> 17.666947 | N33: =((384*Input!$C$4*$J33*Input!$C$5)/(($F33*100000)))^(1/4) -> 18.541537 | O33: =((240*Input!$C$6*$J33)/($B33*$F33))^0.5 -> 21.637503 | P33: =((185*Input!$G$4*($J33/(2.54)^4)*(Input!$G$5))/($F33*0.00571))^(1/4)*25.4/1000 -> 15.447577 | Q33: =(((16*Input!$G$6*($J33/(2.54)^4))/(($B33/25.4)*($F33*0.00571)))^0.5)*25.4/1000 -> 17.667313 | R33: =((384*Input!$G$4*($J33/(2.54)^4)*(Input!$G$5))/($F33*0.00571))^(1/4)*25.4/1000 -> 18.541729 | S33: =(((24*Input!$G$6*($J33/(2.54)^4))/(($B33/25.4)*($F33*0.00571)))^0.5)*25.4/1000 -> 21.63795 | T33: =((Input!$G$4*($J33/(2.54)^4)*(Input!$G$5))/(17.1*$F33*0.06854))^(1/4)*0.3048 -> 13.279223 | U33: =(((20*Input!$G$6*($J33/(2.54)^4))/(($B33/25.4)*($F33*0.00571)))^0.5)*25.4/1000 -> 19.752656 | V33: =((384*Input!$C$4*$J33*Input!$C$5)/(3*$F33*100000))^(1/4) -> 14.088522 | W33: =(((200*Input!$C$6*($J33))/($B33*($F33)))^0.5) -> 19.752247 | X33: =MIN(L33:W33) -> 12.399473 | Y33: 18 | Z33: 17.5 | AA33: 17 | AB33: 14.5 | AD33: =AB33/MIN(L33:W33) -> 1.1694045
A34: 24 | B34: 609.6 | C34: XS | D34: 12.7 | E34: 140 | F34: =(((3.1428*(B34^2-(B34-2*D34)^2)/4)*7.85/1000)*9.81)+G34 -> 2481.208 | G34: =(3.14*(B34+E34)*E34*Input!C$2/1000000)*9.81 -> 646.5264 | H34: =((3.14*(B34-2*D34)^2)/4*Input!C$3/1000000)*9.81 -> 2628.2203 | I34: =(Input!C$8/1067)*'Insul+Vapour'!B34 -> 9.4268041 | J34: =((3.1428*(B34^4-(B34-(2*D34))^4)/64))/10000 -> 106152.88 | K34: =(Input!C$9*(Input!C$7+I34)*D34^2)/(0.644*F34*((B34/2)*D34)^0.5) -> 11.894538 | L34: =((384*Input!$C$4*$J34*Input!$C$5)/(5*$F34*100000))^(1/4) -> 13.648139 | M34: =((160*Input!$C$6*$J34)/(B34*$F34))^0.5 -> 19.539402 | N34: =((384*Input!$C$4*$J34*Input!$C$5)/(($F34*100000)))^(1/4) -> 20.408728 | O34: =((240*Input!$C$6*$J34)/($B34*$F34))^0.5 -> 23.930782 | P34: =((185*Input!$G$4*($J34/(2.54)^4)*(Input!$G$5))/($F34*0.00571))^(1/4)*25.4/1000 -> 17.003196 | Q34: =(((16*Input!$G$6*($J34/(2.54)^4))/(($B34/25.4)*($F34*0.00571)))^0.5)*25.4/1000 -> 19.539806 | R34: =((384*Input!$G$4*($J34/(2.54)^4)*(Input!$G$5))/($F34*0.00571))^(1/4)*25.4/1000 -> 20.408939 | S34: =(((24*Input!$G$6*($J34/(2.54)^4))/(($B34/25.4)*($F34*0.00571)))^0.5)*25.4/1000 -> 23.931277 | T34: =((Input!$G$4*($J34/(2.54)^4)*(Input!$G$5))/(17.1*$F34*0.06854))^(1/4)*0.3048 -> 14.616481 | U34: =(((20*Input!$G$6*($J34/(2.54)^4))/(($B34/25.4)*($F34*0.00571)))^0.5)*25.4/1000 -> 21.846167 | V34: =((384*Input!$C$4*$J34*Input!$C$5)/(3*$F34*100000))^(1/4) -> 15.50728 | W34: =(((200*Input!$C$6*($J34))/($B34*($F34)))^0.5) -> 21.845716 | X34: =MIN(L34:W34) -> 13.648139 | Y34: 20 | Z34: 19 | AA34: 18.5 | AB34: 15.9 | AD34: =AB34/MIN(L34:W34) -> 1.164994
A35: 1 | B35: 33.4 | C35: 10S | D35: 2.77 | E35: 40 | F35: =(((3.1428*(B35^2-(B35-2*D35)^2)/4)*7.85/1000)*9.81)+G35 -> 38.622164 | G35: =(3.14*(B35+E35)*E35*Input!C$2/1000000)*9.81 -> 18.087756 | H35: =((3.14*(B35-2*D35)^2)/4*Input!C$3/1000000)*9.81 -> 5.9772427 | I35: =(Input!C$8/1067)*'Insul+Vapour'!B35 -> 0.51649485 | J35: =((3.1428*(B35^4-(B35-(2*D35))^4)/64))/10000 -> 3.1527162 | K35: =(Input!C$9*(Input!C$7+I35)*D35^2)/(0.644*F35*((B35/2)*D35)^0.5) -> 305.45771 | L35: =((384*Input!$C$4*$J35*Input!$C$5)/(5*$F35*100000))^(1/4) -> 2.8524521 | M35: =((160*Input!$C$6*$J35)/(B35*$F35))^0.5 -> 3.6462829 | N35: =((384*Input!$C$4*$J35*Input!$C$5)/(($F35*100000)))^(1/4) -> 4.2654107 | O35: =((240*Input!$C$6*$J35)/($B35*$F35))^0.5 -> 4.4657662 | P35: =((185*Input!$G$4*($J35/(2.54)^4)*(Input!$G$5))/($F35*0.00571))^(1/4)*25.4/1000 -> 3.5536567 | Q35: =(((16*Input!$G$6*($J35/(2.54)^4))/(($B35/25.4)*($F35*0.00571)))^0.5)*25.4/1000 -> 3.6463583 | R35: =((384*Input!$G$4*($J35/(2.54)^4)*(Input!$G$5))/($F35*0.00571))^(1/4)*25.4/1000 -> 4.2654548 | S35: =(((24*Input!$G$6*($J35/(2.54)^4))/(($B35/25.4)*($F35*0.00571)))^0.5)*25.4/1000 -> 4.4658586 | T35: =((Input!$G$4*($J35/(2.54)^4)*(Input!$G$5))/(17.1*$F35*0.06854))^(1/4)*0.3048 -> 3.054835 | U35: =(((20*Input!$G$6*($J35/(2.54)^4))/(($B35/25.4)*($F35*0.00571)))^0.5)*25.4/1000 -> 4.0767525 | V35: =((384*Input!$C$4*$J35*Input!$C$5)/(3*$F35*100000))^(1/4) -> 3.2410113 | W35: =(((200*Input!$C$6*($J35))/($B35*($F35)))^0.5) -> 4.0766682 | X35: =MIN(L35:W35) -> 2.8524521 | Y35: 4 | Z35: 3.5 | AA35: 3 | AB35: 3.3 | AC35: 4.3 | AD35: =AB35/MIN(L35:W35) -> 1.1568994
A36: 1.5 | B36: 48.26 | C36: 10S | D36: 2.77 | E36: 50 | F36: =(((3.1428*(B36^2-(B36-2*D36)^2)/4)*7.85/1000)*9.81)+G36 -> 60.763999 | G36: =(3.14*(B36+E36)*E36*Input!C$2/1000000)*9.81 -> 30.267421 | H36: =((3.14*(B36-2*D36)^2)/4*Input!C$3/1000000)*9.81 -> 14.054039 | I36: =(Input!C$8/1067)*'Insul+Vapour'!B36 -> 0.74628866 | J36: =((3.1428*(B36^4-(B36-(2*D36))^4)/64))/10000 -> 10.281623 | K36: =(Input!C$9*(Input!C$7+I36)*D36^2)/(0.644*F36*((B36/2)*D36)^0.5) -> 161.88725 | L36: =((384*Input!$C$4*$J36*Input!$C$5)/(5*$F36*100000))^(1/4) -> 3.4226313 | M36: =((160*Input!$C$6*$J36)/(B36*$F36))^0.5 -> 4.3673043 | N36: =((384*Input!$C$4*$J36*Input!$C$5)/(($F36*100000)))^(1/4) -> 5.1180275 | O36: =((240*Input!$C$6*$J36)/($B36*$F36))^0.5 -> 5.3488336 | P36: =((185*Input!$G$4*($J36/(2.54)^4)*(Input!$G$5))/($F36*0.00571))^(1/4)*25.4/1000 -> 4.2640004 | Q36: =(((16*Input!$G$6*($J36/(2.54)^4))/(($B36/25.4)*($F36*0.00571)))^0.5)*25.4/1000 -> 4.3673947 | R36: =((384*Input!$G$4*($J36/(2.54)^4)*(Input!$G$5))/($F36*0.00571))^(1/4)*25.4/1000 -> 5.1180805 | S36: =(((24*Input!$G$6*($J36/(2.54)^4))/(($B36/25.4)*($F36*0.00571)))^0.5)*25.4/1000 -> 5.3489442 | T36: =((Input!$G$4*($J36/(2.54)^4)*(Input!$G$5))/(17.1*$F36*0.06854))^(1/4)*0.3048 -> 3.6654688 | U36: =(((20*Input!$G$6*($J36/(2.54)^4))/(($B36/25.4)*($F36*0.00571)))^0.5)*25.4/1000 -> 4.8828957 | V36: =((384*Input!$C$4*$J36*Input!$C$5)/(3*$F36*100000))^(1/4) -> 3.88886 | W36: =(((200*Input!$C$6*($J36))/($B36*($F36)))^0.5) -> 4.8827947 | X36: =MIN(L36:W36) -> 3.4226313 | Y36: 5 | Z36: 4.5 | AA36: 3.5 | AB36: 3.9 | AC36: 4.8 | AD36: =AB36/MIN(L36:W36) -> 1.1394742
A37: 2 | B37: 60.32 | C37: 10S | D37: 2.77 | E37: 50 | F37: =(((3.1428*(B37^2-(B37-2*D37)^2)/4)*7.85/1000)*9.81)+G37 -> 72.563935 | G37: =(3.14*(B37+E37)*E37*Input!C$2/1000000)*9.81 -> 33.982311 | H37: =((3.14*(B37-2*D37)^2)/4*Input!C$3/1000000)*9.81 -> 23.109083 | I37: =(Input!C$8/1067)*'Insul+Vapour'!B37 -> 0.93278351 | J37: =((3.1428*(B37^4-(B37-(2*D37))^4)/64))/10000 -> 20.789664 | K37: =(Input!C$9*(Input!C$7+I37)*D37^2)/(0.644*F37*((B37/2)*D37)^0.5) -> 121.47988 | L37: =((384*Input!$C$4*$J37*Input!$C$5)/(5*$F37*100000))^(1/4) -> 3.9042529 | M37: =((160*Input!$C$6*$J37)/(B37*$F37))^0.5 -> 5.0831404 | N37: =((384*Input!$C$4*$J37*Input!$C$5)/(($F37*100000)))^(1/4) -> 5.8382199 | O37: =((240*Input!$C$6*$J37)/($B37*$F37))^0.5 -> 6.2255502 | P37: =((185*Input!$G$4*($J37/(2.54)^4)*(Input!$G$5))/($F37*0.00571))^(1/4)*25.4/1000 -> 4.8640168 | Q37: =(((16*Input!$G$6*($J37/(2.54)^4))/(($B37/25.4)*($F37*0.00571)))^0.5)*25.4/1000 -> 5.0832456 | R37: =((384*Input!$G$4*($J37/(2.54)^4)*(Input!$G$5))/($F37*0.00571))^(1/4)*25.4/1000 -> 5.8382803 | S37: =(((24*Input!$G$6*($J37/(2.54)^4))/(($B37/25.4)*($F37*0.00571)))^0.5)*25.4/1000 -> 6.2256789 | T37: =((Input!$G$4*($J37/(2.54)^4)*(Input!$G$5))/(17.1*$F37*0.06854))^(1/4)*0.3048 -> 4.1812617 | U37: =(((20*Input!$G$6*($J37/(2.54)^4))/(($B37/25.4)*($F37*0.00571)))^0.5)*25.4/1000 -> 5.6832413 | V37: =((384*Input!$C$4*$J37*Input!$C$5)/(3*$F37*100000))^(1/4) -> 4.4360878 | W37: =(((200*Input!$C$6*($J37))/($B37*($F37)))^0.5) -> 5.6831238 | X37: =MIN(L37:W37) -> 3.9042529 | Y37: 5 | Z37: 4.5 | AA37: 3.5 | AB37: 4 | AC37: 5.4 | AD37: =AB37/MIN(L37:W37) -> 1.0245238
A38: 2.5 | B38: 73.02 | C38: 10S | D38: 3.05 | E38: 50 | F38: =(((3.1428*(B38^2-(B38-2*D38)^2)/4)*7.85/1000)*9.81)+G38 -> 89.543962 | G38: =(3.14*(B38+E38)*E38*Input!C$2/1000000)*9.81 -> 37.894343 | H38: =((3.14*(B38-2*D38)^2)/4*Input!C$3/1000000)*9.81 -> 34.486612 | I38: =(Input!C$8/1067)*'Insul+Vapour'!B38 -> 1.1291753 | J38: =((3.1428*(B38^4-(B38-(2*D38))^4)/64))/10000 -> 41.123175 | K38: =(Input!C$9*(Input!C$7+I38)*D38^2)/(0.644*F38*((B38/2)*D38)^0.5) -> 103.57929 | L38: =((384*Input!$C$4*$J38*Input!$C$5)/(5*$F38*100000))^(1/4) -> 4.3930775 | M38: =((160*Input!$C$6*$J38)/(B38*$F38))^0.5 -> 5.8492974 | N38: =((384*Input!$C$4*$J38*Input!$C$5)/(($F38*100000)))^(1/4) -> 6.5691831 | O38: =((240*Input!$C$6*$J38)/($B38*$F38))^0.5 -> 7.163897 | P38: =((185*Input!$G$4*($J38/(2.54)^4)*(Input!$G$5))/($F38*0.00571))^(1/4)*25.4/1000 -> 5.4730068 | Q38: =(((16*Input!$G$6*($J38/(2.54)^4))/(($B38/25.4)*($F38*0.00571)))^0.5)*25.4/1000 -> 5.8494184 | R38: =((384*Input!$G$4*($J38/(2.54)^4)*(Input!$G$5))/($F38*0.00571))^(1/4)*25.4/1000 -> 6.5692511 | S38: =(((24*Input!$G$6*($J38/(2.54)^4))/(($B38/25.4)*($F38*0.00571)))^0.5)*25.4/1000 -> 7.1640452 | T38: =((Input!$G$4*($J38/(2.54)^4)*(Input!$G$5))/(17.1*$F38*0.06854))^(1/4)*0.3048 -> 4.7047687 | U38: =(((20*Input!$G$6*($J38/(2.54)^4))/(($B38/25.4)*($F38*0.00571)))^0.5)*25.4/1000 -> 6.5398486 | V38: =((384*Input!$C$4*$J38*Input!$C$5)/(3*$F38*100000))^(1/4) -> 4.9914998 | W38: =(((200*Input!$C$6*($J38))/($B38*($F38)))^0.5) -> 6.5397133 | X38: =MIN(L38:W38) -> 4.3930775 | Y38: 6.5 | Z38: 5.5 | AA38: 4.5 | AB38: - | AC38: - | AD38: -
A39: 3 | B39: 88.9 | C39: 10S | D39: 3.05 | E39: 100 | F39: =(((3.1428*(B39^2-(B39-2*D39)^2)/4)*7.85/1000)*9.81)+G39 -> 179.74697 | G39: =(3.14*(B39+E39)*E39*Input!C$2/1000000)*9.81 -> 116.37525 | H39: =((3.14*(B39-2*D39)^2)/4*Input!C$3/1000000)*9.81 -> 52.795795 | I39: =(Input!C$8/1067)*'Insul+Vapour'!B39 -> 1.3747423 | J39: =((3.1428*(B39^4-(B39-(2*D39))^4)/64))/10000 -> 75.909356 | K39: =(Input!C$9*(Input!C$7+I39)*D39^2)/(0.644*F39*((B39/2)*D39)^0.5) -> 46.878207 | L39: =((384*Input!$C$4*$J39*Input!$C$5)/(5*$F39*100000))^(1/4) -> 4.3019436 | M39: =((160*Input!$C$6*$J39)/(B39*$F39))^0.5 -> 5.0835304 | N39: =((384*Input!$C$4*$J39*Input!$C$5)/(($F39*100000)))^(1/4) -> 6.4329062 | O39: =((240*Input!$C$6*$J39)/($B39*$F39))^0.5 -> 6.2260278 | P39: =((185*Input!$G$4*($J39/(2.54)^4)*(Input!$G$5))/($F39*0.00571))^(1/4)*25.4/1000 -> 5.3594699 | Q39: =(((16*Input!$G$6*($J39/(2.54)^4))/(($B39/25.4)*($F39*0.00571)))^0.5)*25.4/1000 -> 5.0836356 | R39: =((384*Input!$G$4*($J39/(2.54)^4)*(Input!$G$5))/($F39*0.00571))^(1/4)*25.4/1000 -> 6.4329727 | S39: =(((24*Input!$G$6*($J39/(2.54)^4))/(($B39/25.4)*($F39*0.00571)))^0.5)*25.4/1000 -> 6.2261566 | T39: =((Input!$G$4*($J39/(2.54)^4)*(Input!$G$5))/(17.1*$F39*0.06854))^(1/4)*0.3048 -> 4.6071688 | U39: =(((20*Input!$G$6*($J39/(2.54)^4))/(($B39/25.4)*($F39*0.00571)))^0.5)*25.4/1000 -> 5.6836774 | V39: =((384*Input!$C$4*$J39*Input!$C$5)/(3*$F39*100000))^(1/4) -> 4.8879517 | W39: =(((200*Input!$C$6*($J39))/($B39*($F39)))^0.5) -> 5.6835598 | X39: =MIN(L39:W39) -> 4.3019436 | Y39: 7 | Z39: 6 | AA39: 5 | AB39: 4.3 | AC39: 7 | AD39: =AB39/MIN(L39:W39) -> 0.9995482
A40: 4 | B40: 114.3 | C40: 10S | D40: 3.05 | E40: 100 | F40: =(((3.1428*(B40^2-(B40-2*D40)^2)/4)*7.85/1000)*9.81)+G40 -> 214.14457 | G40: =(3.14*(B40+E40)*E40*Input!C$2/1000000)*9.81 -> 132.02337 | H40: =((3.14*(B40-2*D40)^2)/4*Input!C$3/1000000)*9.81 -> 90.155699 | I40: =(Input!C$8/1067)*'Insul+Vapour'!B40 -> 1.7675258 | J40: =((3.1428*(B40^4-(B40-(2*D40))^4)/64))/10000 -> 165.10224 | K40: =(Input!C$9*(Input!C$7+I40)*D40^2)/(0.644*F40*((B40/2)*D40)^0.5) -> 34.836357 | L40: =((384*Input!$C$4*$J40*Input!$C$5)/(5*$F40*100000))^(1/4) -> 5.0005498 | M40: =((160*Input!$C$6*$J40)/(B40*$F40))^0.5 -> 6.0575817 | N40: =((384*Input!$C$4*$J40*Input!$C$5)/(($F40*100000)))^(1/4) -> 7.4775661 | O40: =((240*Input!$C$6*$J40)/($B40*$F40))^0.5 -> 7.4189921 | P40: =((185*Input!$G$4*($J40/(2.54)^4)*(Input!$G$5))/($F40*0.00571))^(1/4)*25.4/1000 -> 6.2298111 | Q40: =(((16*Input!$G$6*($J40/(2.54)^4))/(($B40/25.4)*($F40*0.00571)))^0.5)*25.4/1000 -> 6.057707 | R40: =((384*Input!$G$4*($J40/(2.54)^4)*(Input!$G$5))/($F40*0.00571))^(1/4)*25.4/1000 -> 7.4776434 | S40: =(((24*Input!$G$6*($J40/(2.54)^4))/(($B40/25.4)*($F40*0.00571)))^0.5)*25.4/1000 -> 7.4191456 | T40: =((Input!$G$4*($J40/(2.54)^4)*(Input!$G$5))/(17.1*$F40*0.06854))^(1/4)*0.3048 -> 5.3553414 | U40: =(((20*Input!$G$6*($J40/(2.54)^4))/(($B40/25.4)*($F40*0.00571)))^0.5)*25.4/1000 -> 6.7727223 | V40: =((384*Input!$C$4*$J40*Input!$C$5)/(3*$F40*100000))^(1/4) -> 5.6817215 | W40: =(((200*Input!$C$6*($J40))/($B40*($F40)))^0.5) -> 6.7725823 | X40: =MIN(L40:W40) -> 5.0005498 | Y40: 7.5 | Z40: 7 | AA40: 6 | AB40: 6 | AD40: =AB40/MIN(L40:W40) -> 1.1998681
A41: 6 | B41: 168.27 | C41: 10S | D41: 3.4 | E41: 100 | F41: =(((3.1428*(B41^2-(B41-2*D41)^2)/4)*7.85/1000)*9.81)+G41 -> 300.94011 | G41: =(3.14*(B41+E41)*E41*Input!C$2/1000000)*9.81 -> 165.27256 | H41: =((3.14*(B41-2*D41)^2)/4*Input!C$3/1000000)*9.81 -> 200.78088 | I41: =(Input!C$8/1067)*'Insul+Vapour'!B41 -> 2.6021134 | J41: =((3.1428*(B41^4-(B41-(2*D41))^4)/64))/10000 -> 598.84613 | K41: =(Input!C$9*(Input!C$7+I41)*D41^2)/(0.644*F41*((B41/2)*D41)^0.5) -> 24.243493 | L41: =((384*Input!$C$4*$J41*Input!$C$5)/(5*$F41*100000))^(1/4) -> 6.3381874 | M41: =((160*Input!$C$6*$J41)/(B41*$F41))^0.5 -> 8.0207262 | N41: =((384*Input!$C$4*$J41*Input!$C$5)/(($F41*100000)))^(1/4) -> 9.4778009 | O41: =((240*Input!$C$6*$J41)/($B41*$F41))^0.5 -> 9.8233433 | P41: =((185*Input!$G$4*($J41/(2.54)^4)*(Input!$G$5))/($F41*0.00571))^(1/4)*25.4/1000 -> 7.8962738 | Q41: =(((16*Input!$G$6*($J41/(2.54)^4))/(($B41/25.4)*($F41*0.00571)))^0.5)*25.4/1000 -> 8.0208921 | R41: =((384*Input!$G$4*($J41/(2.54)^4)*(Input!$G$5))/($F41*0.00571))^(1/4)*25.4/1000 -> 9.4778989 | S41: =(((24*Input!$G$6*($J41/(2.54)^4))/(($B41/25.4)*($F41*0.00571)))^0.5)*25.4/1000 -> 9.8235464 | T41: =((Input!$G$4*($J41/(2.54)^4)*(Input!$G$5))/(17.1*$F41*0.06854))^(1/4)*0.3048 -> 6.7878851 | U41: =(((20*Input!$G$6*($J41/(2.54)^4))/(($B41/25.4)*($F41*0.00571)))^0.5)*25.4/1000 -> 8.96763 | V41: =((384*Input!$C$4*$J41*Input!$C$5)/(3*$F41*100000))^(1/4) -> 7.2015713 | W41: =(((200*Input!$C$6*($J41))/($B41*($F41)))^0.5) -> 8.9674445 | X41: =MIN(L41:W41) -> 6.3381874 | Y41: 9.5 | Z41: 9 | AA41: 8 | AB41: 7 | AD41: =AB41/MIN(L41:W41) -> 1.1044167
A42: 8 | B42: 219.07 | C42: 10S | D42: 3.76 | E42: 120 | F42: =(((3.1428*(B42^2-(B42-2*D42)^2)/4)*7.85/1000)*9.81)+G42 -> 446.60115 | G42: =(3.14*(B42+E42)*E42*Input!C$2/1000000)*9.81 -> 250.66821 | H42: =((3.14*(B42-2*D42)^2)/4*Input!C$3/1000000)*9.81 -> 344.63924 | I42: =(Input!C$8/1067)*'Insul+Vapour'!B42 -> 3.3876804 | J42: =((3.1428*(B42^4-(B42-(2*D42))^4)/64))/10000 -> 1474.8221 | K42: =(Input!C$9*(Input!C$7+I42)*D42^2)/(0.644*F42*((B42/2)*D42)^0.5) -> 16.778116 | L42: =((384*Input!$C$4*$J42*Input!$C$5)/(5*$F42*100000))^(1/4) -> 7.1938476 | M42: =((160*Input!$C$6*$J42)/(B42*$F42))^0.5 -> 9.0556138 | N42: =((384*Input!$C$4*$J42*Input!$C$5)/(($F42*100000)))^(1/4) -> 10.757311 | O42: =((240*Input!$C$6*$J42)/($B42*$F42))^0.5 -> 11.090817 | P42: =((185*Input!$G$4*($J42/(2.54)^4)*(Input!$G$5))/($F42*0.00571))^(1/4)*25.4/1000 -> 8.9622768 | Q42: =(((16*Input!$G$6*($J42/(2.54)^4))/(($B42/25.4)*($F42*0.00571)))^0.5)*25.4/1000 -> 9.0558011 | R42: =((384*Input!$G$4*($J42/(2.54)^4)*(Input!$G$5))/($F42*0.00571))^(1/4)*25.4/1000 -> 10.757422 | S42: =(((24*Input!$G$6*($J42/(2.54)^4))/(($B42/25.4)*($F42*0.00571)))^0.5)*25.4/1000 -> 11.091046 | T42: =((Input!$G$4*($J42/(2.54)^4)*(Input!$G$5))/(17.1*$F42*0.06854))^(1/4)*0.3048 -> 7.7042548 | U42: =(((20*Input!$G$6*($J42/(2.54)^4))/(($B42/25.4)*($F42*0.00571)))^0.5)*25.4/1000 -> 10.124693 | V42: =((384*Input!$C$4*$J42*Input!$C$5)/(3*$F42*100000))^(1/4) -> 8.1737889 | W42: =(((200*Input!$C$6*($J42))/($B42*($F42)))^0.5) -> 10.124484 | X42: =MIN(L42:W42) -> 7.1938476 | Y42: 11 | Z42: 10.5 | AA42: 10 | AB42: 8.7 | AD42: =AB42/MIN(L42:W42) -> 1.2093667
A43: 10 | B43: 273.05 | C43: 10S | D43: 4.19 | E43: 120 | F43: =(((3.1428*(B43^2-(B43-2*D43)^2)/4)*7.85/1000)*9.81)+G43 -> 563.21843 | G43: =(3.14*(B43+E43)*E43*Input!C$2/1000000)*9.81 -> 290.57463 | H43: =((3.14*(B43-2*D43)^2)/4*Input!C$3/1000000)*9.81 -> 539.44615 | I43: =(Input!C$8/1067)*'Insul+Vapour'!B43 -> 4.2224227 | J43: =((3.1428*(B43^4-(B43-(2*D43))^4)/64))/10000 -> 3199.8147 | K43: =(Input!C$9*(Input!C$7+I43)*D43^2)/(0.644*F43*((B43/2)*D43)^0.5) -> 14.131497 | L43: =((384*Input!$C$4*$J43*Input!$C$5)/(5*$F43*100000))^(1/4) -> 8.2388819 | M43: =((160*Input!$C$6*$J43)/(B43*$F43))^0.5 -> 10.639038 | N43: =((384*Input!$C$4*$J43*Input!$C$5)/(($F43*100000)))^(1/4) -> 12.320002 | O43: =((240*Input!$C$6*$J43)/($B43*$F43))^0.5 -> 13.030107 | P43: =((185*Input!$G$4*($J43/(2.54)^4)*(Input!$G$5))/($F43*0.00571))^(1/4)*25.4/1000 -> 10.264207 | Q43: =(((16*Input!$G$6*($J43/(2.54)^4))/(($B43/25.4)*($F43*0.00571)))^0.5)*25.4/1000 -> 10.639258 | R43: =((384*Input!$G$4*($J43/(2.54)^4)*(Input!$G$5))/($F43*0.00571))^(1/4)*25.4/1000 -> 12.320129 | S43: =(((24*Input!$G$6*($J43/(2.54)^4))/(($B43/25.4)*($F43*0.00571)))^0.5)*25.4/1000 -> 13.030376 | T43: =((Input!$G$4*($J43/(2.54)^4)*(Input!$G$5))/(17.1*$F43*0.06854))^(1/4)*0.3048 -> 8.8234349 | U43: =(((20*Input!$G$6*($J43/(2.54)^4))/(($B43/25.4)*($F43*0.00571)))^0.5)*25.4/1000 -> 11.895052 | V43: =((384*Input!$C$4*$J43*Input!$C$5)/(3*$F43*100000))^(1/4) -> 9.3611772 | W43: =(((200*Input!$C$6*($J43))/($B43*($F43)))^0.5) -> 11.894806 | X43: =MIN(L43:W43) -> 8.2388819 | Y43: 12.5 | Z43: 12 | AA43: 11 | AB43: 9.9 | AD43: =AB43/MIN(L43:W43) -> 1.2016194
A44: 12 | B44: 323.85 | C44: 10S | D44: 4.57 | E44: 120 | F44: =(((3.1428*(B44^2-(B44-2*D44)^2)/4)*7.85/1000)*9.81)+G44 -> 681.26722 | G44: =(3.14*(B44+E44)*E44*Input!C$2/1000000)*9.81 -> 328.13014 | H44: =((3.14*(B44-2*D44)^2)/4*Input!C$3/1000000)*9.81 -> 762.71054 | I44: =(Input!C$8/1067)*'Insul+Vapour'!B44 -> 5.0079897 | J44: =((3.1428*(B44^4-(B44-(2*D44))^4)/64))/10000 -> 5844.496 | K44: =(Input!C$9*(Input!C$7+I44)*D44^2)/(0.644*F44*((B44/2)*D44)^0.5) -> 12.311505 | L44: =((384*Input!$C$4*$J44*Input!$C$5)/(5*$F44*100000))^(1/4) -> 9.1330046 | M44: =((160*Input!$C$6*$J44)/(B44*$F44))^0.5 -> 12.004451 | N44: =((384*Input!$C$4*$J44*Input!$C$5)/(($F44*100000)))^(1/4) -> 13.657027 | O44: =((240*Input!$C$6*$J44)/($B44*$F44))^0.5 -> 14.702389 | P44: =((185*Input!$G$4*($J44/(2.54)^4)*(Input!$G$5))/($F44*0.00571))^(1/4)*25.4/1000 -> 11.378128 | Q44: =(((16*Input!$G$6*($J44/(2.54)^4))/(($B44/25.4)*($F44*0.00571)))^0.5)*25.4/1000 -> 12.004699 | R44: =((384*Input!$G$4*($J44/(2.54)^4)*(Input!$G$5))/($F44*0.00571))^(1/4)*25.4/1000 -> 13.657169 | S44: =(((24*Input!$G$6*($J44/(2.54)^4))/(($B44/25.4)*($F44*0.00571)))^0.5)*25.4/1000 -> 14.702693 | T44: =((Input!$G$4*($J44/(2.54)^4)*(Input!$G$5))/(17.1*$F44*0.06854))^(1/4)*0.3048 -> 9.7809961 | U44: =(((20*Input!$G$6*($J44/(2.54)^4))/(($B44/25.4)*($F44*0.00571)))^0.5)*25.4/1000 -> 13.421661 | V44: =((384*Input!$C$4*$J44*Input!$C$5)/(3*$F44*100000))^(1/4) -> 10.377097 | W44: =(((200*Input!$C$6*($J44))/($B44*($F44)))^0.5) -> 13.421384 | X44: =MIN(L44:W44) -> 9.1330046 | Y44: 14 | Z44: 13 | AA44: 12 | AB44: 11 | AD44: =AB44/MIN(L44:W44) -> 1.2044229
A45: 14 | B45: 355.6 | C45: 10S | D45: 4.78 | E45: 120 | F45: =(((3.1428*(B45^2-(B45-2*D45)^2)/4)*7.85/1000)*9.81)+G45 -> 757.45429 | G45: =(3.14*(B45+E45)*E45*Input!C$2/1000000)*9.81 -> 351.60233 | H45: =((3.14*(B45-2*D45)^2)/4*Input!C$3/1000000)*9.81 -> 922.12813 | I45: =(Input!C$8/1067)*'Insul+Vapour'!B45 -> 5.4989691 | J45: =((3.1428*(B45^4-(B45-(2*D45))^4)/64))/10000 -> 8109.3922 | K45: =(Input!C$9*(Input!C$7+I45)*D45^2)/(0.644*F45*((B45/2)*D45)^0.5) -> 11.356819 | L45: =((384*Input!$C$4*$J45*Input!$C$5)/(5*$F45*100000))^(1/4) -> 9.6530433 | M45: =((160*Input!$C$6*$J45)/(B45*$F45))^0.5 -> 12.797776 | N45: =((384*Input!$C$4*$J45*Input!$C$5)/(($F45*100000)))^(1/4) -> 14.434666 | O45: =((240*Input!$C$6*$J45)/($B45*$F45))^0.5 -> 15.674011 | P45: =((185*Input!$G$4*($J45/(2.54)^4)*(Input!$G$5))/($F45*0.00571))^(1/4)*25.4/1000 -> 12.026005 | Q45: =(((16*Input!$G$6*($J45/(2.54)^4))/(($B45/25.4)*($F45*0.00571)))^0.5)*25.4/1000 -> 12.798041 | R45: =((384*Input!$G$4*($J45/(2.54)^4)*(Input!$G$5))/($F45*0.00571))^(1/4)*25.4/1000 -> 14.434816 | S45: =(((24*Input!$G$6*($J45/(2.54)^4))/(($B45/25.4)*($F45*0.00571)))^0.5)*25.4/1000 -> 15.674335 | T45: =((Input!$G$4*($J45/(2.54)^4)*(Input!$G$5))/(17.1*$F45*0.06854))^(1/4)*0.3048 -> 10.337932 | U45: =(((20*Input!$G$6*($J45/(2.54)^4))/(($B45/25.4)*($F45*0.00571)))^0.5)*25.4/1000 -> 14.308645 | V45: =((384*Input!$C$4*$J45*Input!$C$5)/(3*$F45*100000))^(1/4) -> 10.967975 | W45: =(((200*Input!$C$6*($J45))/($B45*($F45)))^0.5) -> 14.308349 | X45: =MIN(L45:W45) -> 9.6530433 | Y45: 14.5 | Z45: 14 | AA45: 13 | AB45: 11.6 | AD45: =AB45/MIN(L45:W45) -> 1.2016936
A46: 16 | B46: 406.4 | C46: 10S | D46: 4.78 | E46: 120 | F46: =(((3.1428*(B46^2-(B46-2*D46)^2)/4)*7.85/1000)*9.81)+G46 -> 853.77862 | G46: =(3.14*(B46+E46)*E46*Input!C$2/1000000)*9.81 -> 389.15783 | H46: =((3.14*(B46-2*D46)^2)/4*Input!C$3/1000000)*9.81 -> 1212.7451 | I46: =(Input!C$8/1067)*'Insul+Vapour'!B46 -> 6.2845361 | J46: =((3.1428*(B46^4-(B46-(2*D46))^4)/64))/10000 -> 12166.402 | K46: =(Input!C$9*(Input!C$7+I46)*D46^2)/(0.644*F46*((B46/2)*D46)^0.5) -> 9.494973 | L46: =((384*Input!$C$4*$J46*Input!$C$5)/(5*$F46*100000))^(1/4) -> 10.36837 | M46: =((160*Input!$C$6*$J46)/(B46*$F46))^0.5 -> 13.811188 | N46: =((384*Input!$C$4*$J46*Input!$C$5)/(($F46*100000)))^(1/4) -> 15.50433 | O46: =((240*Input!$C$6*$J46)/($B46*$F46))^0.5 -> 16.915182 | P46: =((185*Input!$G$4*($J46/(2.54)^4)*(Input!$G$5))/($F46*0.00571))^(1/4)*25.4/1000 -> 12.917177 | Q46: =(((16*Input!$G$6*($J46/(2.54)^4))/(($B46/25.4)*($F46*0.00571)))^0.5)*25.4/1000 -> 13.811474 | R46: =((384*Input!$G$4*($J46/(2.54)^4)*(Input!$G$5))/($F46*0.00571))^(1/4)*25.4/1000 -> 15.50449 | S46: =(((24*Input!$G$6*($J46/(2.54)^4))/(($B46/25.4)*($F46*0.00571)))^0.5)*25.4/1000 -> 16.915532 | T46: =((Input!$G$4*($J46/(2.54)^4)*(Input!$G$5))/(17.1*$F46*0.06854))^(1/4)*0.3048 -> 11.104012 | U46: =(((20*Input!$G$6*($J46/(2.54)^4))/(($B46/25.4)*($F46*0.00571)))^0.5)*25.4/1000 -> 15.441697 | V46: =((384*Input!$C$4*$J46*Input!$C$5)/(3*$F46*100000))^(1/4) -> 11.780743 | W46: =(((200*Input!$C$6*($J46))/($B46*($F46)))^0.5) -> 15.441378 | X46: =MIN(L46:W46) -> 10.36837 | Y46: 16.5 | Z46: 14.5 | AA46: 14 | AB46: 12.4 | AD46: =AB46/MIN(L46:W46) -> 1.1959449
A47: 18 | B47: 457.2 | C47: 10S | D47: 4.78 | E47: 120 | F47: =(((3.1428*(B47^2-(B47-2*D47)^2)/4)*7.85/1000)*9.81)+G47 -> 950.10295 | G47: =(3.14*(B47+E47)*E47*Input!C$2/1000000)*9.81 -> 426.71334 | H47: =((3.14*(B47-2*D47)^2)/4*Input!C$3/1000000)*9.81 -> 1543.1084 | I47: =(Input!C$8/1067)*'Insul+Vapour'!B47 -> 7.0701031 | J47: =((3.1428*(B47^4-(B47-(2*D47))^4)/64))/10000 -> 17391.159 | K47: =(Input!C$9*(Input!C$7+I47)*D47^2)/(0.644*F47*((B47/2)*D47)^0.5) -> 8.1038281 | L47: =((384*Input!$C$4*$J47*Input!$C$5)/(5*$F47*100000))^(1/4) -> 11.038136 | M47: =((160*Input!$C$6*$J47)/(B47*$F47))^0.5 -> 14.757924 | N47: =((384*Input!$C$4*$J47*Input!$C$5)/(($F47*100000)))^(1/4) -> 16.505863 | O47: =((240*Input!$C$6*$J47)/($B47*$F47))^0.5 -> 18.074691 | P47: =((185*Input!$G$4*($J47/(2.54)^4)*(Input!$G$5))/($F47*0.00571))^(1/4)*25.4/1000 -> 13.751588 | Q47: =(((16*Input!$G$6*($J47/(2.54)^4))/(($B47/25.4)*($F47*0.00571)))^0.5)*25.4/1000 -> 14.758229 | R47: =((384*Input!$G$4*($J47/(2.54)^4)*(Input!$G$5))/($F47*0.00571))^(1/4)*25.4/1000 -> 16.506034 | S47: =(((24*Input!$G$6*($J47/(2.54)^4))/(($B47/25.4)*($F47*0.00571)))^0.5)*25.4/1000 -> 18.075065 | T47: =((Input!$G$4*($J47/(2.54)^4)*(Input!$G$5))/(17.1*$F47*0.06854))^(1/4)*0.3048 -> 11.821298 | U47: =(((20*Input!$G$6*($J47/(2.54)^4))/(($B47/25.4)*($F47*0.00571)))^0.5)*25.4/1000 -> 16.500202 | V47: =((384*Input!$C$4*$J47*Input!$C$5)/(3*$F47*100000))^(1/4) -> 12.541744 | W47: =(((200*Input!$C$6*($J47))/($B47*($F47)))^0.5) -> 16.49986 | X47: =MIN(L47:W47) -> 11.038136 | Y47: 16.5 | Z47: 15.5 | AA47: 14.5 | AB47: 13 | AD47: =AB47/MIN(L47:W47) -> 1.1777351
A48: 20 | B48: 508 | C48: 10S | D48: 5.54 | E48: 140 | F48: =(((3.1428*(B48^2-(B48-2*D48)^2)/4)*7.85/1000)*9.81)+G48 -> 1232.5971 | G48: =(3.14*(B48+E48)*E48*Input!C$2/1000000)*9.81 -> 558.89689 | H48: =((3.14*(B48-2*D48)^2)/4*Input!C$3/1000000)*9.81 -> 1901.5669 | I48: =(Input!C$8/1067)*'Insul+Vapour'!B48 -> 7.8556701 | J48: =((3.1428*(B48^4-(B48-(2*D48))^4)/64))/10000 -> 27611.741 | K48: =(Input!C$9*(Input!C$7+I48)*D48^2)/(0.644*F48*((B48/2)*D48)^0.5) -> 7.4483242 | L48: =((384*Input!$C$4*$J48*Input!$C$5)/(5*$F48*100000))^(1/4) -> 11.609792 | M48: =((160*Input!$C$6*$J48)/(B48*$F48))^0.5 -> 15.488306 | N48: =((384*Input!$C$4*$J48*Input!$C$5)/(($F48*100000)))^(1/4) -> 17.360689 | O48: =((240*Input!$C$6*$J48)/($B48*$F48))^0.5 -> 18.969224 | P48: =((185*Input!$G$4*($J48/(2.54)^4)*(Input!$G$5))/($F48*0.00571))^(1/4)*25.4/1000 -> 14.463772 | Q48: =(((16*Input!$G$6*($J48/(2.54)^4))/(($B48/25.4)*($F48*0.00571)))^0.5)*25.4/1000 -> 15.488627 | R48: =((384*Input!$G$4*($J48/(2.54)^4)*(Input!$G$5))/($F48*0.00571))^(1/4)*25.4/1000 -> 17.360868 | S48: =(((24*Input!$G$6*($J48/(2.54)^4))/(($B48/25.4)*($F48*0.00571)))^0.5)*25.4/1000 -> 18.969616 | T48: =((Input!$G$4*($J48/(2.54)^4)*(Input!$G$5))/(17.1*$F48*0.06854))^(1/4)*0.3048 -> 12.433513 | U48: =(((20*Input!$G$6*($J48/(2.54)^4))/(($B48/25.4)*($F48*0.00571)))^0.5)*25.4/1000 -> 17.316811 | V48: =((384*Input!$C$4*$J48*Input!$C$5)/(3*$F48*100000))^(1/4) -> 13.191271 | W48: =(((200*Input!$C$6*($J48))/($B48*($F48)))^0.5) -> 17.316453 | X48: =MIN(L48:W48) -> 11.609792 | Y48: 17.5 | Z48: 16.5 | AA48: 15.5 | AB48: 13.9 | AD48: =AB48/MIN(L48:W48) -> 1.1972652
A49: 24 | B49: 609.6 | C49: 10S | D49: 6.35 | E49: 140 | F49: =(((3.1428*(B49^2-(B49-2*D49)^2)/4)*7.85/1000)*9.81)+G49 -> 1573.6262 | G49: =(3.14*(B49+E49)*E49*Input!C$2/1000000)*9.81 -> 646.5264 | H49: =((3.14*(B49-2*D49)^2)/4*Input!C$3/1000000)*9.81 -> 2743.7328 | I49: =(Input!C$8/1067)*'Insul+Vapour'!B49 -> 9.4268041 | J49: =((3.1428*(B49^4-(B49-(2*D49))^4)/64))/10000 -> 54769.729 | K49: =(Input!C$9*(Input!C$7+I49)*D49^2)/(0.644*F49*((B49/2)*D49)^0.5) -> 6.6307735 | L49: =((384*Input!$C$4*$J49*Input!$C$5)/(5*$F49*100000))^(1/4) -> 12.961822 | M49: =((160*Input!$C$6*$J49)/(B49*$F49))^0.5 -> 17.623675 | N49: =((384*Input!$C$4*$J49*Input!$C$5)/(($F49*100000)))^(1/4) -> 19.382444 | O49: =((240*Input!$C$6*$J49)/($B49*$F49))^0.5 -> 21.584506 | P49: =((185*Input!$G$4*($J49/(2.54)^4)*(Input!$G$5))/($F49*0.00571))^(1/4)*25.4/1000 -> 16.148164 | Q49: =(((16*Input!$G$6*($J49/(2.54)^4))/(($B49/25.4)*($F49*0.00571)))^0.5)*25.4/1000 -> 17.62404 | R49: =((384*Input!$G$4*($J49/(2.54)^4)*(Input!$G$5))/($F49*0.00571))^(1/4)*25.4/1000 -> 19.382645 | S49: =(((24*Input!$G$6*($J49/(2.54)^4))/(($B49/25.4)*($F49*0.00571)))^0.5)*25.4/1000 -> 21.584953 | T49: =((Input!$G$4*($J49/(2.54)^4)*(Input!$G$5))/(17.1*$F49*0.06854))^(1/4)*0.3048 -> 13.88147 | U49: =(((20*Input!$G$6*($J49/(2.54)^4))/(($B49/25.4)*($F49*0.00571)))^0.5)*25.4/1000 -> 19.704276 | V49: =((384*Input!$C$4*$J49*Input!$C$5)/(3*$F49*100000))^(1/4) -> 14.727473 | W49: =(((200*Input!$C$6*($J49))/($B49*($F49)))^0.5) -> 19.703868 | X49: =MIN(L49:W49) -> 12.961822 | Y49: 19 | Z49: 18 | AA49: 17 | AB49: 15.5 | AD49: =AB49/MIN(L49:W49) -> 1.1958196

Sheet Bare+Water
A1: Pipe Size | B1: Pipe OD | C1: Sch | D1: Thk | E1: Ins. Thk | F1: Pipe Wt+ Water Wt | G1: Ins. Wt | H1: Water Wt | I1: Bearing width | J1: M.I | K1: Span per | L1: Simply Supported BS:3974 | N1: Continuous Beam BS:3974 | P1: Continuous Beam Span (Civil Hand Book) | R1: Fixed Beam Span (Civil Hand Book) | T1: Average Span (Kellog) | V1: Average Span (LC Peng) | X1: Least of All | Y1: FEED | Z1: QMS | AA1: QMS | AB1: QMS Vs | AC1: FEED Vs | AD1: FEED Vs
D2: mm | E2: mm | F2: N/m | G2: N/m | H2: N/m | I2: mm | J2: cm4 | K2: Indentation | L2: Deflection (Span in m) | M2: Stress (Span in m) | N2: Deflection (Span in m) | O2: Stress (Span in m) | P2: Deflection (Span in m) | Q2: Stress (Span in m) | R2: Deflection (Span in m) | S2: Stress (Span in m) | T2: Deflection (Span in m) | U2: Stress (Span in m) | V2: Deflection (Span in m) | W2: Stress (Span in m) | X2: Span (m) | Y2: Span | Z2: Span | AA2: Rack Span | AB2: Least | AC2: Least | AD2: BS-Cont, Beam
A3: 0.75 | B3: 26.67 | C3: Sch 40 | D3: 2.87 | E3: 40 | F3: =(((3.1428*(B3^2-(B3-2*D3)^2)/4)*7.85/1000)*9.81)+H3 -> 19.905048 | G3: =(3.14*(B3+E3)*E3*Input!C$2/1000000)*9.81 -> 16.429301 | H3: =((3.14*(B3-2*D3)^2)/4*Input!C$3/1000000)*9.81 -> 3.3734721 | I3: =(Input!C$8/1067)*'Bare+Water'!B3 -> 0.41242268 | J3: =((3.1428*(B3^4-(B3-(2*D3))^4)/64))/10000 -> 1.5420887 | K3: =(Input!C$9*(Input!C$7+I3)*D3^2)/(0.644*F3*((B3/2)*D3)^0.5) -> 698.77841 | L3: =((384*Input!$C$4*$J3*Input!$C$5)/(5*$F3*100000))^(1/4) -> 2.8154176 | M3: =((160*Input!$C$6*$J3)/(B3*$F3))^0.5 -> 3.9752185 | N3: =((384*Input!$C$4*$J3*Input!$C$5)/(($F3*100000)))^(1/4) -> 4.2100312 | O3: =((240*Input!$C$6*$J3)/($B3*$F3))^0.5 -> 4.8686284 | P3: =((185*Input!$G$4*($J3/(2.54)^4)*(Input!$G$5))/($F3*0.00571))^(1/4)*25.4/1000 -> 3.5075182 | Q3: =(((16*Input!$G$6*($J3/(2.54)^4))/(($B3/25.4)*($F3*0.00571)))^0.5)*25.4/1000 -> 3.9753007 | R3: =((384*Input!$G$4*($J3/(2.54)^4)*(Input!$G$5))/($F3*0.00571))^(1/4)*25.4/1000 -> 4.2100747 | S3: =(((24*Input!$G$6*($J3/(2.54)^4))/(($B3/25.4)*($F3*0.00571)))^0.5)*25.4/1000 -> 4.8687291 | T3: =((Input!$G$4*($J3/(2.54)^4)*(Input!$G$5))/(17.1*$F3*0.06854))^(1/4)*0.3048 -> 3.0151729 | U3: =(((20*Input!$G$6*($J3/(2.54)^4))/(($B3/25.4)*($F3*0.00571)))^0.5)*25.4/1000 -> 4.4445213 | V3: =((384*Input!$C$4*$J3*Input!$C$5)/(3*$F3*100000))^(1/4) -> 3.1989319 | W3: =(((200*Input!$C$6*($J3))/($B3*($F3)))^0.5) -> 4.4444294 | X3: =MIN(L3:W3) -> 2.8154176 | Y3: 4 | Z3: - | AA3: - | AC3: =Y3/X3 -> 1.4207484 | AD3: =Y3/MIN(N3:O3) -> 0.95011172
A4: 1 | B4: 33.4 | C4: Sch 40 | D4: 3.38 | E4: 40 | F4: =(((3.1428*(B4^2-(B4-2*D4)^2)/4)*7.85/1000)*9.81)+H4 -> 30.022636 | G4: =(3.14*(B4+E4)*E4*Input!C$2/1000000)*9.81 -> 18.087756 | H4: =((3.14*(B4-2*D4)^2)/4*Input!C$3/1000000)*9.81 -> 5.4652132 | I4: =(Input!C$8/1067)*'Bare+Water'!B4 -> 0.51649485 | J4: =((3.1428*(B4^4-(B4-(2*D4))^4)/64))/10000 -> 3.6378636 | K4: =(Input!C$9*(Input!C$7+I4)*D4^2)/(0.644*F4*((B4/2)*D4)^0.5) -> 529.65644 | L4: =((384*Input!$C$4*$J4*Input!$C$5)/(5*$F4*100000))^(1/4) -> 3.1485144 | M4: =((160*Input!$C$6*$J4)/(B4*$F4))^0.5 -> 4.4424752 | N4: =((384*Input!$C$4*$J4*Input!$C$5)/(($F4*100000)))^(1/4) -> 4.7081271 | O4: =((240*Input!$C$6*$J4)/($B4*$F4))^0.5 -> 5.4408987 | P4: =((185*Input!$G$4*($J4/(2.54)^4)*(Input!$G$5))/($F4*0.00571))^(1/4)*25.4/1000 -> 3.9224986 | Q4: =(((16*Input!$G$6*($J4/(2.54)^4))/(($B4/25.4)*($F4*0.00571)))^0.5)*25.4/1000 -> 4.4425671 | R4: =((384*Input!$G$4*($J4/(2.54)^4)*(Input!$G$5))/($F4*0.00571))^(1/4)*25.4/1000 -> 4.7081758 | S4: =(((24*Input!$G$6*($J4/(2.54)^4))/(($B4/25.4)*($F4*0.00571)))^0.5)*25.4/1000 -> 5.4410112 | T4: =((Input!$G$4*($J4/(2.54)^4)*(Input!$G$5))/(17.1*$F4*0.06854))^(1/4)*0.3048 -> 3.3719031 | U4: =(((20*Input!$G$6*($J4/(2.54)^4))/(($B4/25.4)*($F4*0.00571)))^0.5)*25.4/1000 -> 4.966941 | V4: =((384*Input!$C$4*$J4*Input!$C$5)/(3*$F4*100000))^(1/4) -> 3.577403 | W4: =(((200*Input!$C$6*($J4))/($B4*($F4)))^0.5) -> 4.9668382 | X4: =MIN(L4:W4) -> 3.1485144 | Y4: 4.5 | Z4: 3.65 | AA4: 5.7 | AB4: =Z4/MIN(L4:W4) -> 1.1592769 | AC4: =Y4/X4 -> 1.4292455 | AD4: =Y4/MIN(N4:O4) -> 0.95579407
A5: 1.5 | B5: 48.26 | C5: Sch 40 | D5: 3.68 | E5: 50 | F5: =(((3.1428*(B5^2-(B5-2*D5)^2)/4)*7.85/1000)*9.81)+H5 -> 52.586884 | G5: =(3.14*(B5+E5)*E5*Input!C$2/1000000)*9.81 -> 30.267421 | H5: =((3.14*(B5-2*D5)^2)/4*Input!C$3/1000000)*9.81 -> 12.882059 | I5: =(Input!C$8/1067)*'Bare+Water'!B5 -> 0.74628866 | J5: =((3.1428*(B5^4-(B5-(2*D5))^4)/64))/10000 -> 12.895676 | K5: =(Input!C$9*(Input!C$7+I5)*D5^2)/(0.644*F5*((B5/2)*D5)^0.5) -> 286.43997 | L5: =((384*Input!$C$4*$J5*Input!$C$5)/(5*$F5*100000))^(1/4) -> 3.7553287 | M5: =((160*Input!$C$6*$J5)/(B5*$F5))^0.5 -> 5.2576191 | N5: =((384*Input!$C$4*$J5*Input!$C$5)/(($F5*100000)))^(1/4) -> 5.6155261 | O5: =((240*Input!$C$6*$J5)/($B5*$F5))^0.5 -> 6.4392421 | P5: =((185*Input!$G$4*($J5/(2.54)^4)*(Input!$G$5))/($F5*0.00571))^(1/4)*25.4/1000 -> 4.6784831 | Q5: =(((16*Input!$G$6*($J5/(2.54)^4))/(($B5/25.4)*($F5*0.00571)))^0.5)*25.4/1000 -> 5.2577279 | R5: =((384*Input!$G$4*($J5/(2.54)^4)*(Input!$G$5))/($F5*0.00571))^(1/4)*25.4/1000 -> 5.6155842 | S5: =(((24*Input!$G$6*($J5/(2.54)^4))/(($B5/25.4)*($F5*0.00571)))^0.5)*25.4/1000 -> 6.4393753 | T5: =((Input!$G$4*($J5/(2.54)^4)*(Input!$G$5))/(17.1*$F5*0.06854))^(1/4)*0.3048 -> 4.0217712 | U5: =(((20*Input!$G$6*($J5/(2.54)^4))/(($B5/25.4)*($F5*0.00571)))^0.5)*25.4/1000 -> 5.8783185 | V5: =((384*Input!$C$4*$J5*Input!$C$5)/(3*$F5*100000))^(1/4) -> 4.2668771 | W5: =(((200*Input!$C$6*($J5))/($B5*($F5)))^0.5) -> 5.8781969 | X5: =MIN(L5:W5) -> 3.7553287 | Y5: 5 | Z5: 4.35 | AA5: 6.9 | AB5: =Z5/MIN(L5:W5) -> 1.158354 | AC5: =Y5/X5 -> 1.3314414 | AD5: =Y5/MIN(N5:O5) -> 0.89038852
A6: 2 | B6: 60.32 | C6: Sch 40 | D6: 3.91 | E6: 50 | F6: =(((3.1428*(B6^2-(B6-2*D6)^2)/4)*7.85/1000)*9.81)+H6 -> 74.60666 | G6: =(3.14*(B6+E6)*E6*Input!C$2/1000000)*9.81 -> 33.982311 | H6: =((3.14*(B6-2*D6)^2)/4*Input!C$3/1000000)*9.81 -> 21.225468 | I6: =(Input!C$8/1067)*'Bare+Water'!B6 -> 0.93278351 | J6: =((3.1428*(B6^4-(B6-(2*D6))^4)/64))/10000 -> 27.704694 | K6: =(Input!C$9*(Input!C$7+I6)*D6^2)/(0.644*F6*((B6/2)*D6)^0.5) -> 198.14954 | L6: =((384*Input!$C$4*$J6*Input!$C$5)/(5*$F6*100000))^(1/4) -> 4.1658173 | M6: =((160*Input!$C$6*$J6)/(B6*$F6))^0.5 -> 5.7870424 | N6: =((384*Input!$C$4*$J6*Input!$C$5)/(($F6*100000)))^(1/4) -> 6.2293499 | O6: =((240*Input!$C$6*$J6)/($B6*$F6))^0.5 -> 7.0876505 | P6: =((185*Input!$G$4*($J6/(2.54)^4)*(Input!$G$5))/($F6*0.00571))^(1/4)*25.4/1000 -> 5.1898803 | Q6: =(((16*Input!$G$6*($J6/(2.54)^4))/(($B6/25.4)*($F6*0.00571)))^0.5)*25.4/1000 -> 5.7871621 | R6: =((384*Input!$G$4*($J6/(2.54)^4)*(Input!$G$5))/($F6*0.00571))^(1/4)*25.4/1000 -> 6.2294143 | S6: =(((24*Input!$G$6*($J6/(2.54)^4))/(($B6/25.4)*($F6*0.00571)))^0.5)*25.4/1000 -> 7.0877971 | T6: =((Input!$G$4*($J6/(2.54)^4)*(Input!$G$5))/(17.1*$F6*0.06854))^(1/4)*0.3048 -> 4.4613843 | U6: =(((20*Input!$G$6*($J6/(2.54)^4))/(($B6/25.4)*($F6*0.00571)))^0.5)*25.4/1000 -> 6.4702439 | V6: =((384*Input!$C$4*$J6*Input!$C$5)/(3*$F6*100000))^(1/4) -> 4.7332823 | W6: =(((200*Input!$C$6*($J6))/($B6*($F6)))^0.5) -> 6.4701101 | X6: =MIN(L6:W6) -> 4.1658173 | Y6: 5.5 | Z6: 4.85 | AA6: 7.9 | AB6: =Z6/MIN(L6:W6) -> 1.1642373 | AC6: =Y6/X6 -> 1.3202691 | AD6: =Y6/MIN(N6:O6) -> 0.88291717
A7: 2.5 | B7: 73.02 | C7: Sch 40 | D7: 5.16 | E7: 50 | F7: =(((3.1428*(B7^2-(B7-2*D7)^2)/4)*7.85/1000)*9.81)+H7 -> 115.02023 | G7: =(3.14*(B7+E7)*E7*Input!C$2/1000000)*9.81 -> 37.894343 | H7: =((3.14*(B7-2*D7)^2)/4*Input!C$3/1000000)*9.81 -> 30.274275 | I7: =(Input!C$8/1067)*'Bare+Water'!B7 -> 1.1291753 | J7: =((3.1428*(B7^4-(B7-(2*D7))^4)/64))/10000 -> 63.712089 | K7: =(Input!C$9*(Input!C$7+I7)*D7^2)/(0.644*F7*((B7/2)*D7)^0.5) -> 177.44339 | L7: =((384*Input!$C$4*$J7*Input!$C$5)/(5*$F7*100000))^(1/4) -> 4.6038185 | M7: =((160*Input!$C$6*$J7)/(B7*$F7))^0.5 -> 6.4239529 | N7: =((384*Input!$C$4*$J7*Input!$C$5)/(($F7*100000)))^(1/4) -> 6.8843143 | O7: =((240*Input!$C$6*$J7)/($B7*$F7))^0.5 -> 7.8677034 | P7: =((185*Input!$G$4*($J7/(2.54)^4)*(Input!$G$5))/($F7*0.00571))^(1/4)*25.4/1000 -> 5.7355532 | Q7: =(((16*Input!$G$6*($J7/(2.54)^4))/(($B7/25.4)*($F7*0.00571)))^0.5)*25.4/1000 -> 6.4240858 | R7: =((384*Input!$G$4*($J7/(2.54)^4)*(Input!$G$5))/($F7*0.00571))^(1/4)*25.4/1000 -> 6.8843855 | S7: =(((24*Input!$G$6*($J7/(2.54)^4))/(($B7/25.4)*($F7*0.00571)))^0.5)*25.4/1000 -> 7.8678661 | T7: =((Input!$G$4*($J7/(2.54)^4)*(Input!$G$5))/(17.1*$F7*0.06854))^(1/4)*0.3048 -> 4.9304618 | U7: =(((20*Input!$G$6*($J7/(2.54)^4))/(($B7/25.4)*($F7*0.00571)))^0.5)*25.4/1000 -> 7.1823463 | V7: =((384*Input!$C$4*$J7*Input!$C$5)/(3*$F7*100000))^(1/4) -> 5.2309477 | W7: =(((200*Input!$C$6*($J7))/($B7*($F7)))^0.5) -> 7.1821977 | X7: =MIN(L7:W7) -> 4.6038185 | Y7: 6.5 | Z7: - | AA7: - | AB7: - | AC7: =Y7/X7 -> 1.4118715 | AD7: =Y7/MIN(N7:O7) -> 0.94417536
A8: 3 | B8: 88.9 | C8: Sch 40 | D8: 5.49 | E8: 100 | F8: =(((3.1428*(B8^2-(B8-2*D8)^2)/4)*7.85/1000)*9.81)+H8 -> 157.58299 | G8: =(3.14*(B8+E8)*E8*Input!C$2/1000000)*9.81 -> 116.37525 | H8: =((3.14*(B8-2*D8)^2)/4*Input!C$3/1000000)*9.81 -> 46.755914 | I8: =(Input!C$8/1067)*'Bare+Water'!B8 -> 1.3747423 | J8: =((3.1428*(B8^4-(B8-(2*D8))^4)/64))/10000 -> 125.69872 | K8: =(Input!C$9*(Input!C$7+I8)*D8^2)/(0.644*F8*((B8/2)*D8)^0.5) -> 129.13144 | L8: =((384*Input!$C$4*$J8*Input!$C$5)/(5*$F8*100000))^(1/4) -> 5.0432635 | M8: =((160*Input!$C$6*$J8)/(B8*$F8))^0.5 -> 6.9864946 | N8: =((384*Input!$C$4*$J8*Input!$C$5)/(($F8*100000)))^(1/4) -> 7.541438 | O8: =((240*Input!$C$6*$J8)/($B8*$F8))^0.5 -> 8.5566734 | P8: =((185*Input!$G$4*($J8/(2.54)^4)*(Input!$G$5))/($F8*0.00571))^(1/4)*25.4/1000 -> 6.2830249 | Q8: =(((16*Input!$G$6*($J8/(2.54)^4))/(($B8/25.4)*($F8*0.00571)))^0.5)*25.4/1000 -> 6.9866391 | R8: =((384*Input!$G$4*($J8/(2.54)^4)*(Input!$G$5))/($F8*0.00571))^(1/4)*25.4/1000 -> 7.541516 | S8: =(((24*Input!$G$6*($J8/(2.54)^4))/(($B8/25.4)*($F8*0.00571)))^0.5)*25.4/1000 -> 8.5568504 | T8: =((Input!$G$4*($J8/(2.54)^4)*(Input!$G$5))/(17.1*$F8*0.06854))^(1/4)*0.3048 -> 5.4010857 | U8: =(((20*Input!$G$6*($J8/(2.54)^4))/(($B8/25.4)*($F8*0.00571)))^0.5)*25.4/1000 -> 7.8113 | V8: =((384*Input!$C$4*$J8*Input!$C$5)/(3*$F8*100000))^(1/4) -> 5.7302537 | W8: =(((200*Input!$C$6*($J8))/($B8*($F8)))^0.5) -> 7.8111384 | X8: =MIN(L8:W8) -> 5.0432635 | Y8: 6.5 | Z8: 5.85 | AA8: 9.5 | AB8: =Z8/MIN(L8:W8) -> 1.1599632 | AC8: =Y8/X8 -> 1.288848 | AD8: =Y8/MIN(N8:O8) -> 0.86190459
A9: 4 | B9: 114.3 | C9: Sch 40 | D9: 6.02 | E9: 100 | F9: =(((3.1428*(B9^2-(B9-2*D9)^2)/4)*7.85/1000)*9.81)+H9 -> 238.2898 | G9: =(3.14*(B9+E9)*E9*Input!C$2/1000000)*9.81 -> 132.02337 | H9: =((3.14*(B9-2*D9)^2)/4*Input!C$3/1000000)*9.81 -> 80.528617 | I9: =(Input!C$8/1067)*'Bare+Water'!B9 -> 1.7675258 | J9: =((3.1428*(B9^4-(B9-(2*D9))^4)/64))/10000 -> 301.16765 | K9: =(Input!C$9*(Input!C$7+I9)*D9^2)/(0.644*F9*((B9/2)*D9)^0.5) -> 86.811912 | L9: =((384*Input!$C$4*$J9*Input!$C$5)/(5*$F9*100000))^(1/4) -> 5.6582483 | M9: =((160*Input!$C$6*$J9)/(B9*$F9))^0.5 -> 7.7558208 | N9: =((384*Input!$C$4*$J9*Input!$C$5)/(($F9*100000)))^(1/4) -> 8.4610547 | O9: =((240*Input!$C$6*$J9)/($B9*$F9))^0.5 -> 9.4989018 | P9: =((185*Input!$G$4*($J9/(2.54)^4)*(Input!$G$5))/($F9*0.00571))^(1/4)*25.4/1000 -> 7.0491884 | Q9: =(((16*Input!$G$6*($J9/(2.54)^4))/(($B9/25.4)*($F9*0.00571)))^0.5)*25.4/1000 -> 7.7559813 | R9: =((384*Input!$G$4*($J9/(2.54)^4)*(Input!$G$5))/($F9*0.00571))^(1/4)*25.4/1000 -> 8.4611422 | S9: =(((24*Input!$G$6*($J9/(2.54)^4))/(($B9/25.4)*($F9*0.00571)))^0.5)*25.4/1000 -> 9.4990983 | T9: =((Input!$G$4*($J9/(2.54)^4)*(Input!$G$5))/(17.1*$F9*0.06854))^(1/4)*0.3048 -> 6.059704 | U9: =(((20*Input!$G$6*($J9/(2.54)^4))/(($B9/25.4)*($F9*0.00571)))^0.5)*25.4/1000 -> 8.6714507 | V9: =((384*Input!$C$4*$J9*Input!$C$5)/(3*$F9*100000))^(1/4) -> 6.4290113 | W9: =(((200*Input!$C$6*($J9))/($B9*($F9)))^0.5) -> 8.6712713 | X9: =MIN(L9:W9) -> 5.6582483 | Y9: 7.5 | Z9: 6.6 | AB9: =Z9/MIN(L9:W9) -> 1.1664387 | AC9: =Y9/X9 -> 1.3254986 | AD9: =Y9/MIN(N9:O9) -> 0.88641431
A10: 6 | B10: 168.27 | C10: Sch 40 | D10: 7.11 | E10: 100 | F10: =(((3.1428*(B10^2-(B10-2*D10)^2)/4)*7.85/1000)*9.81)+H10 -> 460.07266 | G10: =(3.14*(B10+E10)*E10*Input!C$2/1000000)*9.81 -> 165.27256 | H10: =((3.14*(B10-2*D10)^2)/4*Input!C$3/1000000)*9.81 -> 182.75197 | I10: =(Input!C$8/1067)*'Bare+Water'!B10 -> 2.6021134 | J10: =((3.1428*(B10^4-(B10-(2*D10))^4)/64))/10000 -> 1171.4199 | K10: =(Input!C$9*(Input!C$7+I10)*D10^2)/(0.644*F10*((B10/2)*D10)^0.5) -> 47.955108 | L10: =((384*Input!$C$4*$J10*Input!$C$5)/(5*$F10*100000))^(1/4) -> 6.7410544 | M10: =((160*Input!$C$6*$J10)/(B10*$F10))^0.5 -> 9.0727552 | N10: =((384*Input!$C$4*$J10*Input!$C$5)/(($F10*100000)))^(1/4) -> 10.080227 | O10: =((240*Input!$C$6*$J10)/($B10*$F10))^0.5 -> 11.11181 | P10: =((185*Input!$G$4*($J10/(2.54)^4)*(Input!$G$5))/($F10*0.00571))^(1/4)*25.4/1000 -> 8.3981756 | Q10: =(((16*Input!$G$6*($J10/(2.54)^4))/(($B10/25.4)*($F10*0.00571)))^0.5)*25.4/1000 -> 9.0729429 | R10: =((384*Input!$G$4*($J10/(2.54)^4)*(Input!$G$5))/($F10*0.00571))^(1/4)*25.4/1000 -> 10.080332 | S10: =(((24*Input!$G$6*($J10/(2.54)^4))/(($B10/25.4)*($F10*0.00571)))^0.5)*25.4/1000 -> 11.11204 | T10: =((Input!$G$4*($J10/(2.54)^4)*(Input!$G$5))/(17.1*$F10*0.06854))^(1/4)*0.3048 -> 7.2193357 | U10: =(((20*Input!$G$6*($J10/(2.54)^4))/(($B10/25.4)*($F10*0.00571)))^0.5)*25.4/1000 -> 10.143859 | V10: =((384*Input!$C$4*$J10*Input!$C$5)/(3*$F10*100000))^(1/4) -> 7.6593165 | W10: =(((200*Input!$C$6*($J10))/($B10*($F10)))^0.5) -> 10.143649 | X10: =MIN(L10:W10) -> 6.7410544 | Y10: 9 | Z10: 7.85 | AB10: =Z10/MIN(L10:W10) -> 1.1645063 | AC10: =Y10/X10 -> 1.3351027 | AD10: =Y10/MIN(N10:O10) -> 0.892837
A11: 8 | B11: 219.07 | C11: Sch 40 | D11: 8.18 | E11: 120 | F11: =(((3.1428*(B11^2-(B11-2*D11)^2)/4)*7.85/1000)*9.81)+H11 -> 733.94618 | G11: =(3.14*(B11+E11)*E11*Input!C$2/1000000)*9.81 -> 250.66821 | H11: =((3.14*(B11-2*D11)^2)/4*Input!C$3/1000000)*9.81 -> 316.43828 | I11: =(Input!C$8/1067)*'Bare+Water'!B11 -> 3.3876804 | J11: =((3.1428*(B11^4-(B11-(2*D11))^4)/64))/10000 -> 3018.5678 | K11: =(Input!C$9*(Input!C$7+I11)*D11^2)/(0.644*F11*((B11/2)*D11)^0.5) -> 32.760235 | L11: =((384*Input!$C$4*$J11*Input!$C$5)/(5*$F11*100000))^(1/4) -> 7.5995953 | M11: =((160*Input!$C$6*$J11)/(B11*$F11))^0.5 -> 10.105932 | N11: =((384*Input!$C$4*$J11*Input!$C$5)/(($F11*100000)))^(1/4) -> 11.364046 | O11: =((240*Input!$C$6*$J11)/($B11*$F11))^0.5 -> 12.377188 | P11: =((185*Input!$G$4*($J11/(2.54)^4)*(Input!$G$5))/($F11*0.00571))^(1/4)*25.4/1000 -> 9.4677675 | Q11: =(((16*Input!$G$6*($J11/(2.54)^4))/(($B11/25.4)*($F11*0.00571)))^0.5)*25.4/1000 -> 10.106141 | R11: =((384*Input!$G$4*($J11/(2.54)^4)*(Input!$G$5))/($F11*0.00571))^(1/4)*25.4/1000 -> 11.364163 | S11: =(((24*Input!$G$6*($J11/(2.54)^4))/(($B11/25.4)*($F11*0.00571)))^0.5)*25.4/1000 -> 12.377444 | T11: =((Input!$G$4*($J11/(2.54)^4)*(Input!$G$5))/(17.1*$F11*0.06854))^(1/4)*0.3048 -> 8.1387905 | U11: =(((20*Input!$G$6*($J11/(2.54)^4))/(($B11/25.4)*($F11*0.00571)))^0.5)*25.4/1000 -> 11.299009 | V11: =((384*Input!$C$4*$J11*Input!$C$5)/(3*$F11*100000))^(1/4) -> 8.6348073 | W11: =(((200*Input!$C$6*($J11))/($B11*($F11)))^0.5) -> 11.298775 | X11: =MIN(L11:W11) -> 7.5995953 | Y11: 10 | Z11: 8.6 | AB11: =Z11/MIN(L11:W11) -> 1.1316392 | AC11: =Y11/X11 -> 1.3158595 | AD11: =Y11/MIN(N11:O11) -> 0.87996832
A12: 10 | B12: 273.05 | C12: Sch 40 | D12: 9.27 | E12: 120 | F12: =(((3.1428*(B12^2-(B12-2*D12)^2)/4)*7.85/1000)*9.81)+H12 -> 1090.628 | G12: =(3.14*(B12+E12)*E12*Input!C$2/1000000)*9.81 -> 290.57463 | H12: =((3.14*(B12-2*D12)^2)/4*Input!C$3/1000000)*9.81 -> 498.82518 | I12: =(Input!C$8/1067)*'Bare+Water'!B12 -> 4.2224227 | J12: =((3.1428*(B12^4-(B12-(2*D12))^4)/64))/10000 -> 6692.1878 | K12: =(Input!C$9*(Input!C$7+I12)*D12^2)/(0.644*F12*((B12/2)*D12)^0.5) -> 24.015243 | L12: =((384*Input!$C$4*$J12*Input!$C$5)/(5*$F12*100000))^(1/4) -> 8.3990305 | M12: =((160*Input!$C$6*$J12)/(B12*$F12))^0.5 -> 11.056664 | N12: =((384*Input!$C$4*$J12*Input!$C$5)/(($F12*100000)))^(1/4) -> 12.55948 | O12: =((240*Input!$C$6*$J12)/($B12*$F12))^0.5 -> 13.541592 | P12: =((185*Input!$G$4*($J12/(2.54)^4)*(Input!$G$5))/($F12*0.00571))^(1/4)*25.4/1000 -> 10.463724 | Q12: =(((16*Input!$G$6*($J12/(2.54)^4))/(($B12/25.4)*($F12*0.00571)))^0.5)*25.4/1000 -> 11.056892 | R12: =((384*Input!$G$4*($J12/(2.54)^4)*(Input!$G$5))/($F12*0.00571))^(1/4)*25.4/1000 -> 12.55961 | S12: =(((24*Input!$G$6*($J12/(2.54)^4))/(($B12/25.4)*($F12*0.00571)))^0.5)*25.4/1000 -> 13.541872 | T12: =((Input!$G$4*($J12/(2.54)^4)*(Input!$G$5))/(17.1*$F12*0.06854))^(1/4)*0.3048 -> 8.9949461 | U12: =(((20*Input!$G$6*($J12/(2.54)^4))/(($B12/25.4)*($F12*0.00571)))^0.5)*25.4/1000 -> 12.361982 | V12: =((384*Input!$C$4*$J12*Input!$C$5)/(3*$F12*100000))^(1/4) -> 9.5431411 | W12: =(((200*Input!$C$6*($J12))/($B12*($F12)))^0.5) -> 12.361726 | X12: =MIN(L12:W12) -> 8.3990305 | Y12: 11.5 | Z12: 9.35 | AB12: =Z12/MIN(L12:W12) -> 1.1132237 | AC12: =Y12/X12 -> 1.3692057 | AD12: =Y12/MIN(N12:O12) -> 0.91564301
A13: 12 | B13: 323.85 | C13: STD | D13: 9.53 | E13: 120 | F13: =(((3.1428*(B13^2-(B13-2*D13)^2)/4)*7.85/1000)*9.81)+H13 -> 1440.3559 | G13: =(3.14*(B13+E13)*E13*Input!C$2/1000000)*9.81 -> 328.13014 | H13: =((3.14*(B13-2*D13)^2)/4*Input!C$3/1000000)*9.81 -> 715.38543 | I13: =(Input!C$8/1067)*'Bare+Water'!B13 -> 5.0079897 | J13: =((3.1428*(B13^4-(B13-(2*D13))^4)/64))/10000 -> 11636.832 | K13: =(Input!C$9*(Input!C$7+I13)*D13^2)/(0.644*F13*((B13/2)*D13)^0.5) -> 17.53573 | L13: =((384*Input!$C$4*$J13*Input!$C$5)/(5*$F13*100000))^(1/4) -> 8.9969958 | M13: =((160*Input!$C$6*$J13)/(B13*$F13))^0.5 -> 11.649572 | N13: =((384*Input!$C$4*$J13*Input!$C$5)/(($F13*100000)))^(1/4) -> 13.453647 | O13: =((240*Input!$C$6*$J13)/($B13*$F13))^0.5 -> 14.267753 | P13: =((185*Input!$G$4*($J13/(2.54)^4)*(Input!$G$5))/($F13*0.00571))^(1/4)*25.4/1000 -> 11.208684 | Q13: =(((16*Input!$G$6*($J13/(2.54)^4))/(($B13/25.4)*($F13*0.00571)))^0.5)*25.4/1000 -> 11.649813 | R13: =((384*Input!$G$4*($J13/(2.54)^4)*(Input!$G$5))/($F13*0.00571))^(1/4)*25.4/1000 -> 13.453786 | S13: =(((24*Input!$G$6*($J13/(2.54)^4))/(($B13/25.4)*($F13*0.00571)))^0.5)*25.4/1000 -> 14.268049 | T13: =((Input!$G$4*($J13/(2.54)^4)*(Input!$G$5))/(17.1*$F13*0.06854))^(1/4)*0.3048 -> 9.6353374 | U13: =(((20*Input!$G$6*($J13/(2.54)^4))/(($B13/25.4)*($F13*0.00571)))^0.5)*25.4/1000 -> 13.024887 | V13: =((384*Input!$C$4*$J13*Input!$C$5)/(3*$F13*100000))^(1/4) -> 10.222561 | W13: =(((200*Input!$C$6*($J13))/($B13*($F13)))^0.5) -> 13.024617 | X13: =MIN(L13:W13) -> 8.9969958 | Y13: 12 | Z13: 9.9 | AB13: =Z13/MIN(L13:W13) -> 1.1003673 | AC13: =Y13/X13 -> 1.3337785 | AD13: =Y13/MIN(N13:O13) -> 0.89195147
A14: 14 | B14: 355.6 | C14: STD | D14: 9.53 | E14: 120 | F14: =(((3.1428*(B14^2-(B14-2*D14)^2)/4)*7.85/1000)*9.81)+H14 -> 1670.3929 | G14: =(3.14*(B14+E14)*E14*Input!C$2/1000000)*9.81 -> 351.60233 | H14: =((3.14*(B14-2*D14)^2)/4*Input!C$3/1000000)*9.81 -> 872.19189 | I14: =(Input!C$8/1067)*'Bare+Water'!B14 -> 5.4989691 | J14: =((3.1428*(B14^4-(B14-(2*D14))^4)/64))/10000 -> 15528.901 | K14: =(Input!C$9*(Input!C$7+I14)*D14^2)/(0.644*F14*((B14/2)*D14)^0.5) -> 14.497462 | L14: =((384*Input!$C$4*$J14*Input!$C$5)/(5*$F14*100000))^(1/4) -> 9.3183026 | M14: =((160*Input!$C$6*$J14)/(B14*$F14))^0.5 -> 11.925583 | N14: =((384*Input!$C$4*$J14*Input!$C$5)/(($F14*100000)))^(1/4) -> 13.934112 | O14: =((240*Input!$C$6*$J14)/($B14*$F14))^0.5 -> 14.605797 | P14: =((185*Input!$G$4*($J14/(2.54)^4)*(Input!$G$5))/($F14*0.00571))^(1/4)*25.4/1000 -> 11.608976 | Q14: =(((16*Input!$G$6*($J14/(2.54)^4))/(($B14/25.4)*($F14*0.00571)))^0.5)*25.4/1000 -> 11.92583 | R14: =((384*Input!$G$4*($J14/(2.54)^4)*(Input!$G$5))/($F14*0.00571))^(1/4)*25.4/1000 -> 13.934257 | S14: =(((24*Input!$G$6*($J14/(2.54)^4))/(($B14/25.4)*($F14*0.00571)))^0.5)*25.4/1000 -> 14.606099 | T14: =((Input!$G$4*($J14/(2.54)^4)*(Input!$G$5))/(17.1*$F14*0.06854))^(1/4)*0.3048 -> 9.979441 | U14: =(((20*Input!$G$6*($J14/(2.54)^4))/(($B14/25.4)*($F14*0.00571)))^0.5)*25.4/1000 -> 13.333483 | V14: =((384*Input!$C$4*$J14*Input!$C$5)/(3*$F14*100000))^(1/4) -> 10.587636 | W14: =(((200*Input!$C$6*($J14))/($B14*($F14)))^0.5) -> 13.333207 | X14: =MIN(L14:W14) -> 9.3183026 | Y14: 12.5 | Z14: 10.6 | AB14: =Z14/MIN(L14:W14) -> 1.1375462 | AC14: =Y14/X14 -> 1.341446 | AD14: =Y14/MIN(N14:O14) -> 0.89707903
A15: 16 | B15: 406.4 | C15: STD | D15: 9.53 | E15: 120 | F15: =(((3.1428*(B15^2-(B15-2*D15)^2)/4)*7.85/1000)*9.81)+H15 -> 2070.7459 | G15: =(3.14*(B15+E15)*E15*Input!C$2/1000000)*9.81 -> 389.15783 | H15: =((3.14*(B15-2*D15)^2)/4*Input!C$3/1000000)*9.81 -> 1155.376 | I15: =(Input!C$8/1067)*'Bare+Water'!B15 -> 6.2845361 | J15: =((3.1428*(B15^4-(B15-(2*D15))^4)/64))/10000 -> 23416.114 | K15: =(Input!C$9*(Input!C$7+I15)*D15^2)/(0.644*F15*((B15/2)*D15)^0.5) -> 11.020714 | L15: =((384*Input!$C$4*$J15*Input!$C$5)/(5*$F15*100000))^(1/4) -> 9.7859567 | M15: =((160*Input!$C$6*$J15)/(B15*$F15))^0.5 -> 12.303158 | N15: =((384*Input!$C$4*$J15*Input!$C$5)/(($F15*100000)))^(1/4) -> 14.633418 | O15: =((240*Input!$C$6*$J15)/($B15*$F15))^0.5 -> 15.06823 | P15: =((185*Input!$G$4*($J15/(2.54)^4)*(Input!$G$5))/($F15*0.00571))^(1/4)*25.4/1000 -> 12.191592 | Q15: =(((16*Input!$G$6*($J15/(2.54)^4))/(($B15/25.4)*($F15*0.00571)))^0.5)*25.4/1000 -> 12.303413 | R15: =((384*Input!$G$4*($J15/(2.54)^4)*(Input!$G$5))/($F15*0.00571))^(1/4)*25.4/1000 -> 14.63357 | S15: =(((24*Input!$G$6*($J15/(2.54)^4))/(($B15/25.4)*($F15*0.00571)))^0.5)*25.4/1000 -> 15.068542 | T15: =((Input!$G$4*($J15/(2.54)^4)*(Input!$G$5))/(17.1*$F15*0.06854))^(1/4)*0.3048 -> 10.480275 | U15: =(((20*Input!$G$6*($J15/(2.54)^4))/(($B15/25.4)*($F15*0.00571)))^0.5)*25.4/1000 -> 13.755634 | V15: =((384*Input!$C$4*$J15*Input!$C$5)/(3*$F15*100000))^(1/4) -> 11.118994 | W15: =(((200*Input!$C$6*($J15))/($B15*($F15)))^0.5) -> 13.755349 | X15: =MIN(L15:W15) -> 9.7859567 | Y15: 13 | Z15: 11.1 | AB15: =Z15/MIN(L15:W15) -> 1.1342785 | AC15: =Y15/X15 -> 1.3284342 | AD15: =Y15/MIN(N15:O15) -> 0.88837752
A16: 18 | B16: 457.2 | C16: STD | D16: 9.53 | E16: 120 | F16: =(((3.1428*(B16^2-(B16-2*D16)^2)/4)*7.85/1000)*9.81)+H16 -> 2510.8451 | G16: =(3.14*(B16+E16)*E16*Input!C$2/1000000)*9.81 -> 426.71334 | H16: =((3.14*(B16-2*D16)^2)/4*Input!C$3/1000000)*9.81 -> 1478.3065 | I16: =(Input!C$8/1067)*'Bare+Water'!B16 -> 7.0701031 | J16: =((3.1428*(B16^4-(B16-(2*D16))^4)/64))/10000 -> 33603.956 | K16: =(Input!C$9*(Input!C$7+I16)*D16^2)/(0.644*F16*((B16/2)*D16)^0.5) -> 8.6325376 | L16: =((384*Input!$C$4*$J16*Input!$C$5)/(5*$F16*100000))^(1/4) -> 10.207019 | M16: =((160*Input!$C$6*$J16)/(B16*$F16))^0.5 -> 12.619193 | N16: =((384*Input!$C$4*$J16*Input!$C$5)/(($F16*100000)))^(1/4) -> 15.263053 | O16: =((240*Input!$C$6*$J16)/($B16*$F16))^0.5 -> 15.455292 | P16: =((185*Input!$G$4*($J16/(2.54)^4)*(Input!$G$5))/($F16*0.00571))^(1/4)*25.4/1000 -> 12.716161 | Q16: =(((16*Input!$G$6*($J16/(2.54)^4))/(($B16/25.4)*($F16*0.00571)))^0.5)*25.4/1000 -> 12.619454 | R16: =((384*Input!$G$4*($J16/(2.54)^4)*(Input!$G$5))/($F16*0.00571))^(1/4)*25.4/1000 -> 15.263211 | S16: =(((24*Input!$G$6*($J16/(2.54)^4))/(($B16/25.4)*($F16*0.00571)))^0.5)*25.4/1000 -> 15.455612 | T16: =((Input!$G$4*($J16/(2.54)^4)*(Input!$G$5))/(17.1*$F16*0.06854))^(1/4)*0.3048 -> 10.931212 | U16: =(((20*Input!$G$6*($J16/(2.54)^4))/(($B16/25.4)*($F16*0.00571)))^0.5)*25.4/1000 -> 14.108979 | V16: =((384*Input!$C$4*$J16*Input!$C$5)/(3*$F16*100000))^(1/4) -> 11.597412 | W16: =(((200*Input!$C$6*($J16))/($B16*($F16)))^0.5) -> 14.108687 | X16: =MIN(L16:W16) -> 10.207019 | Y16: 13.5 | Z16: 11.55 | AB16: =Z16/MIN(L16:W16) -> 1.1315743 | AC16: =Y16/X16 -> 1.3226193 | AD16: =Y16/MIN(N16:O16) -> 0.88448885
A17: 20 | B17: 508 | C17: STD | D17: 9.53 | E17: 140 | F17: =(((3.1428*(B17^2-(B17-2*D17)^2)/4)*7.85/1000)*9.81)+H17 -> 2990.6905 | G17: =(3.14*(B17+E17)*E17*Input!C$2/1000000)*9.81 -> 558.89689 | H17: =((3.14*(B17-2*D17)^2)/4*Input!C$3/1000000)*9.81 -> 1840.9831 | I17: =(Input!C$8/1067)*'Bare+Water'!B17 -> 7.8556701 | J17: =((3.1428*(B17^4-(B17-(2*D17))^4)/64))/10000 -> 46386.911 | K17: =(Input!C$9*(Input!C$7+I17)*D17^2)/(0.644*F17*((B17/2)*D17)^0.5) -> 6.9260072 | L17: =((384*Input!$C$4*$J17*Input!$C$5)/(5*$F17*100000))^(1/4) -> 10.590398 | M17: =((160*Input!$C$6*$J17)/(B17*$F17))^0.5 -> 12.887824 | N17: =((384*Input!$C$4*$J17*Input!$C$5)/(($F17*100000)))^(1/4) -> 15.836339 | O17: =((240*Input!$C$6*$J17)/($B17*$F17))^0.5 -> 15.784296 | P17: =((185*Input!$G$4*($J17/(2.54)^4)*(Input!$G$5))/($F17*0.00571))^(1/4)*25.4/1000 -> 13.193785 | Q17: =(((16*Input!$G$6*($J17/(2.54)^4))/(($B17/25.4)*($F17*0.00571)))^0.5)*25.4/1000 -> 12.88809 | R17: =((384*Input!$G$4*($J17/(2.54)^4)*(Input!$G$5))/($F17*0.00571))^(1/4)*25.4/1000 -> 15.836502 | S17: =(((24*Input!$G$6*($J17/(2.54)^4))/(($B17/25.4)*($F17*0.00571)))^0.5)*25.4/1000 -> 15.784622 | T17: =((Input!$G$4*($J17/(2.54)^4)*(Input!$G$5))/(17.1*$F17*0.06854))^(1/4)*0.3048 -> 11.341792 | U17: =(((20*Input!$G$6*($J17/(2.54)^4))/(($B17/25.4)*($F17*0.00571)))^0.5)*25.4/1000 -> 14.409323 | V17: =((384*Input!$C$4*$J17*Input!$C$5)/(3*$F17*100000))^(1/4) -> 12.033015 | W17: =(((200*Input!$C$6*($J17))/($B17*($F17)))^0.5) -> 14.409025 | X17: =MIN(L17:W17) -> 10.590398 | Y17: 14 | Z17: 12.3 | AB17: =Z17/MIN(L17:W17) -> 1.1614294 | AC17: =Y17/X17 -> 1.3219522 | AD17: =Y17/MIN(N17:O17) -> 0.88695753
A18: 24 | B18: 609.6 | C18: STD | D18: 9.53 | E18: 140 | F18: =(((3.1428*(B18^2-(B18-2*D18)^2)/4)*7.85/1000)*9.81)+H18 -> 4069.6202 | G18: =(3.14*(B18+E18)*E18*Input!C$2/1000000)*9.81 -> 646.5264 | H18: =((3.14*(B18-2*D18)^2)/4*Input!C$3/1000000)*9.81 -> 2685.5751 | I18: =(Input!C$8/1067)*'Bare+Water'!B18 -> 9.4268041 | J18: =((3.1428*(B18^4-(B18-(2*D18))^4)/64))/10000 -> 80916.097 | K18: =(Input!C$9*(Input!C$7+I18)*D18^2)/(0.644*F18*((B18/2)*D18)^0.5) -> 4.7140116 | L18: =((384*Input!$C$4*$J18*Input!$C$5)/(5*$F18*100000))^(1/4) -> 11.268771 | M18: =((160*Input!$C$6*$J18)/(B18*$F18))^0.5 -> 13.320407 | N18: =((384*Input!$C$4*$J18*Input!$C$5)/(($F18*100000)))^(1/4) -> 16.850743 | O18: =((240*Input!$C$6*$J18)/($B18*$F18))^0.5 -> 16.3141 | P18: =((185*Input!$G$4*($J18/(2.54)^4)*(Input!$G$5))/($F18*0.00571))^(1/4)*25.4/1000 -> 14.038919 | Q18: =(((16*Input!$G$6*($J18/(2.54)^4))/(($B18/25.4)*($F18*0.00571)))^0.5)*25.4/1000 -> 13.320683 | R18: =((384*Input!$G$4*($J18/(2.54)^4)*(Input!$G$5))/($F18*0.00571))^(1/4)*25.4/1000 -> 16.850917 | S18: =(((24*Input!$G$6*($J18/(2.54)^4))/(($B18/25.4)*($F18*0.00571)))^0.5)*25.4/1000 -> 16.314438 | T18: =((Input!$G$4*($J18/(2.54)^4)*(Input!$G$5))/(17.1*$F18*0.06854))^(1/4)*0.3048 -> 12.068296 | U18: =(((20*Input!$G$6*($J18/(2.54)^4))/(($B18/25.4)*($F18*0.00571)))^0.5)*25.4/1000 -> 14.892976 | V18: =((384*Input!$C$4*$J18*Input!$C$5)/(3*$F18*100000))^(1/4) -> 12.803796 | W18: =(((200*Input!$C$6*($J18))/($B18*($F18)))^0.5) -> 14.892668 | X18: =MIN(L18:W18) -> 11.268771 | Y18: 15 | Z18: 13.1 | AB18: =Z18/MIN(L18:W18) -> 1.1625048 | AC18: =Y18/X18 -> 1.3311123 | AD18: =Y18/MIN(N18:O18) -> 0.91945003
A19: 0.75 | B19: 26.67 | C19: Sch 80 | D19: 3.91 | E19: 40 | F19: =(((3.1428*(B19^2-(B19-2*D19)^2)/4)*7.85/1000)*9.81)+H19 -> 24.274238 | G19: =(3.14*(B19+E19)*E19*Input!C$2/1000000)*9.81 -> 16.429301 | H19: =((3.14*(B19-2*D19)^2)/4*Input!C$3/1000000)*9.81 -> 2.7362853 | I19: =(Input!C$8/1067)*'Bare+Water'!B19 -> 0.41242268 | J19: =((3.1428*(B19^4-(B19-(2*D19))^4)/64))/10000 -> 1.8644554 | K19: =(Input!C$9*(Input!C$7+I19)*D19^2)/(0.644*F19*((B19/2)*D19)^0.5) -> 911.16997 | L19: =((384*Input!$C$4*$J19*Input!$C$5)/(5*$F19*100000))^(1/4) -> 2.8093632 | M19: =((160*Input!$C$6*$J19)/(B19*$F19))^0.5 -> 3.9581399 | N19: =((384*Input!$C$4*$J19*Input!$C$5)/(($F19*100000)))^(1/4) -> 4.2009778 | O19: =((240*Input!$C$6*$J19)/($B19*$F19))^0.5 -> 4.8477115 | P19: =((185*Input!$G$4*($J19/(2.54)^4)*(Input!$G$5))/($F19*0.00571))^(1/4)*25.4/1000 -> 3.4999755 | Q19: =(((16*Input!$G$6*($J19/(2.54)^4))/(($B19/25.4)*($F19*0.00571)))^0.5)*25.4/1000 -> 3.9582217 | R19: =((384*Input!$G$4*($J19/(2.54)^4)*(Input!$G$5))/($F19*0.00571))^(1/4)*25.4/1000 -> 4.2010212 | S19: =(((24*Input!$G$6*($J19/(2.54)^4))/(($B19/25.4)*($F19*0.00571)))^0.5)*25.4/1000 -> 4.8478118 | T19: =((Input!$G$4*($J19/(2.54)^4)*(Input!$G$5))/(17.1*$F19*0.06854))^(1/4)*0.3048 -> 3.0086889 | U19: =(((20*Input!$G$6*($J19/(2.54)^4))/(($B19/25.4)*($F19*0.00571)))^0.5)*25.4/1000 -> 4.4254264 | V19: =((384*Input!$C$4*$J19*Input!$C$5)/(3*$F19*100000))^(1/4) -> 3.1920528 | W19: =(((200*Input!$C$6*($J19))/($B19*($F19)))^0.5) -> 4.4253349 | X19: =MIN(L19:W19) -> 2.8093632 | Y19: 4 | Z19: - | AA19: - | AB19: - | AC19: =Y19/X19 -> 1.4238102 | AD19: =Y19/MIN(N19:O19) -> 0.95215929
A20: 1 | B20: 33.4 | C20: Sch 80 | D20: 4.55 | E20: 40 | F20: =(((3.1428*(B20^2-(B20-2*D20)^2)/4)*7.85/1000)*9.81)+H20 -> 36.316939 | G20: =(3.14*(B20+E20)*E20*Input!C$2/1000000)*9.81 -> 18.087756 | H20: =((3.14*(B20-2*D20)^2)/4*Input!C$3/1000000)*9.81 -> 4.5472749 | I20: =(Input!C$8/1067)*'Bare+Water'!B20 -> 0.51649485 | J20: =((3.1428*(B20^4-(B20-(2*D20))^4)/64))/10000 -> 4.3989166 | K20: =(Input!C$9*(Input!C$7+I20)*D20^2)/(0.644*F20*((B20/2)*D20)^0.5) -> 683.87369 | L20: =((384*Input!$C$4*$J20*Input!$C$5)/(5*$F20*100000))^(1/4) -> 3.1482224 | M20: =((160*Input!$C$6*$J20)/(B20*$F20))^0.5 -> 4.4416513 | N20: =((384*Input!$C$4*$J20*Input!$C$5)/(($F20*100000)))^(1/4) -> 4.7076906 | O20: =((240*Input!$C$6*$J20)/($B20*$F20))^0.5 -> 5.4398897 | P20: =((185*Input!$G$4*($J20/(2.54)^4)*(Input!$G$5))/($F20*0.00571))^(1/4)*25.4/1000 -> 3.9221349 | Q20: =(((16*Input!$G$6*($J20/(2.54)^4))/(($B20/25.4)*($F20*0.00571)))^0.5)*25.4/1000 -> 4.4417432 | R20: =((384*Input!$G$4*($J20/(2.54)^4)*(Input!$G$5))/($F20*0.00571))^(1/4)*25.4/1000 -> 4.7077393 | S20: =(((24*Input!$G$6*($J20/(2.54)^4))/(($B20/25.4)*($F20*0.00571)))^0.5)*25.4/1000 -> 5.4400022 | T20: =((Input!$G$4*($J20/(2.54)^4)*(Input!$G$5))/(17.1*$F20*0.06854))^(1/4)*0.3048 -> 3.3715905 | U20: =(((20*Input!$G$6*($J20/(2.54)^4))/(($B20/25.4)*($F20*0.00571)))^0.5)*25.4/1000 -> 4.9660199 | V20: =((384*Input!$C$4*$J20*Input!$C$5)/(3*$F20*100000))^(1/4) -> 3.5770713 | W20: =(((200*Input!$C$6*($J20))/($B20*($F20)))^0.5) -> 4.9659172 | X20: =MIN(L20:W20) -> 3.1482224 | Y20: 4.5 | Z20: 3.65 | AA20: 5.7 | AB20: =Z20/MIN(L20:W20) -> 1.1593844 | AC20: =Y20/X20 -> 1.429378 | AD20: =Y20/MIN(N20:O20) -> 0.95588271
A21: 1.5 | B21: 48.26 | C21: Sch 80 | D21: 5.08 | E21: 50 | F21: =(((3.1428*(B21^2-(B21-2*D21)^2)/4)*7.85/1000)*9.81)+H21 -> 64.26729 | G21: =(3.14*(B21+E21)*E21*Input!C$2/1000000)*9.81 -> 30.267421 | H21: =((3.14*(B21-2*D21)^2)/4*Input!C$3/1000000)*9.81 -> 11.178631 | I21: =(Input!C$8/1067)*'Bare+Water'!B21 -> 0.74628866 | J21: =((3.1428*(B21^4-(B21-(2*D21))^4)/64))/10000 -> 16.289515 | K21: =(Input!C$9*(Input!C$7+I21)*D21^2)/(0.644*F21*((B21/2)*D21)^0.5) -> 380.14117 | L21: =((384*Input!$C$4*$J21*Input!$C$5)/(5*$F21*100000))^(1/4) -> 3.7864814 | M21: =((160*Input!$C$6*$J21)/(B21*$F21))^0.5 -> 5.3452113 | N21: =((384*Input!$C$4*$J21*Input!$C$5)/(($F21*100000)))^(1/4) -> 5.6621103 | O21: =((240*Input!$C$6*$J21)/($B21*$F21))^0.5 -> 6.5465201 | P21: =((185*Input!$G$4*($J21/(2.54)^4)*(Input!$G$5))/($F21*0.00571))^(1/4)*25.4/1000 -> 4.717294 | Q21: =(((16*Input!$G$6*($J21/(2.54)^4))/(($B21/25.4)*($F21*0.00571)))^0.5)*25.4/1000 -> 5.3453219 | R21: =((384*Input!$G$4*($J21/(2.54)^4)*(Input!$G$5))/($F21*0.00571))^(1/4)*25.4/1000 -> 5.6621689 | S21: =(((24*Input!$G$6*($J21/(2.54)^4))/(($B21/25.4)*($F21*0.00571)))^0.5)*25.4/1000 -> 6.5466555 | T21: =((Input!$G$4*($J21/(2.54)^4)*(Input!$G$5))/(17.1*$F21*0.06854))^(1/4)*0.3048 -> 4.0551342 | U21: =(((20*Input!$G$6*($J21/(2.54)^4))/(($B21/25.4)*($F21*0.00571)))^0.5)*25.4/1000 -> 5.9762515 | V21: =((384*Input!$C$4*$J21*Input!$C$5)/(3*$F21*100000))^(1/4) -> 4.3022735 | W21: =(((200*Input!$C$6*($J21))/($B21*($F21)))^0.5) -> 5.9761279 | X21: =MIN(L21:W21) -> 3.7864814 | Y21: 5 | Z21: 4.35 | AA21: 6.9 | AB21: =Z21/MIN(L21:W21) -> 1.1488238 | AC21: =Y21/X21 -> 1.3204871 | AD21: =Y21/MIN(N21:O21) -> 0.88306297
A22: 2 | B22: 60.32 | C22: Sch 80 | D22: 5.54 | E22: 50 | F22: =(((3.1428*(B22^2-(B22-2*D22)^2)/4)*7.85/1000)*9.81)+H22 -> 92.120531 | G22: =(3.14*(B22+E22)*E22*Input!C$2/1000000)*9.81 -> 33.982311 | H22: =((3.14*(B22-2*D22)^2)/4*Input!C$3/1000000)*9.81 -> 18.671308 | I22: =(Input!C$8/1067)*'Bare+Water'!B22 -> 0.93278351 | J22: =((3.1428*(B22^4-(B22-(2*D22))^4)/64))/10000 -> 36.142805 | K22: =(Input!C$9*(Input!C$7+I22)*D22^2)/(0.644*F22*((B22/2)*D22)^0.5) -> 270.65355 | L22: =((384*Input!$C$4*$J22*Input!$C$5)/(5*$F22*100000))^(1/4) -> 4.2235014 | M22: =((160*Input!$C$6*$J22)/(B22*$F22))^0.5 -> 5.9484182 | N22: =((384*Input!$C$4*$J22*Input!$C$5)/(($F22*100000)))^(1/4) -> 6.3156076 | O22: =((240*Input!$C$6*$J22)/($B22*$F22))^0.5 -> 7.2852947 | P22: =((185*Input!$G$4*($J22/(2.54)^4)*(Input!$G$5))/($F22*0.00571))^(1/4)*25.4/1000 -> 5.2617445 | Q22: =(((16*Input!$G$6*($J22/(2.54)^4))/(($B22/25.4)*($F22*0.00571)))^0.5)*25.4/1000 -> 5.9485413 | R22: =((384*Input!$G$4*($J22/(2.54)^4)*(Input!$G$5))/($F22*0.00571))^(1/4)*25.4/1000 -> 6.315673 | S22: =(((24*Input!$G$6*($J22/(2.54)^4))/(($B22/25.4)*($F22*0.00571)))^0.5)*25.4/1000 -> 7.2854454 | T22: =((Input!$G$4*($J22/(2.54)^4)*(Input!$G$5))/(17.1*$F22*0.06854))^(1/4)*0.3048 -> 4.523161 | U22: =(((20*Input!$G$6*($J22/(2.54)^4))/(($B22/25.4)*($F22*0.00571)))^0.5)*25.4/1000 -> 6.6506713 | V22: =((384*Input!$C$4*$J22*Input!$C$5)/(3*$F22*100000))^(1/4) -> 4.7988241 | W22: =(((200*Input!$C$6*($J22))/($B22*($F22)))^0.5) -> 6.6505337 | X22: =MIN(L22:W22) -> 4.2235014 | Y22: 6 | Z22: 4.85 | AA22: 7.9 | AB22: =Z22/MIN(L22:W22) -> 1.1483363 | AC22: =Y22/X22 -> 1.4206222 | AD22: =Y22/MIN(N22:O22) -> 0.95002735
A23: 2.5 | B23: 73.02 | C23: Sch 80 | D23: 7.01 | E23: 50 | F23: =(((3.1428*(B23^2-(B23-2*D23)^2)/4)*7.85/1000)*9.81)+H23 -> 138.79767 | G23: =(3.14*(B23+E23)*E23*Input!C$2/1000000)*9.81 -> 37.894343 | H23: =((3.14*(B23-2*D23)^2)/4*Input!C$3/1000000)*9.81 -> 26.806659 | I23: =(Input!C$8/1067)*'Bare+Water'!B23 -> 1.1291753 | J23: =((3.1428*(B23^4-(B23-(2*D23))^4)/64))/10000 -> 80.102184 | K23: =(Input!C$9*(Input!C$7+I23)*D23^2)/(0.644*F23*((B23/2)*D23)^0.5) -> 232.83826 | L23: =((384*Input!$C$4*$J23*Input!$C$5)/(5*$F23*100000))^(1/4) -> 4.651273 | M23: =((160*Input!$C$6*$J23)/(B23*$F23))^0.5 -> 6.5570671 | N23: =((384*Input!$C$4*$J23*Input!$C$5)/(($F23*100000)))^(1/4) -> 6.9552754 | O23: =((240*Input!$C$6*$J23)/($B23*$F23))^0.5 -> 8.0307343 | P23: =((185*Input!$G$4*($J23/(2.54)^4)*(Input!$G$5))/($F23*0.00571))^(1/4)*25.4/1000 -> 5.7946732 | Q23: =(((16*Input!$G$6*($J23/(2.54)^4))/(($B23/25.4)*($F23*0.00571)))^0.5)*25.4/1000 -> 6.5572028 | R23: =((384*Input!$G$4*($J23/(2.54)^4)*(Input!$G$5))/($F23*0.00571))^(1/4)*25.4/1000 -> 6.9553474 | S23: =(((24*Input!$G$6*($J23/(2.54)^4))/(($B23/25.4)*($F23*0.00571)))^0.5)*25.4/1000 -> 8.0309005 | T23: =((Input!$G$4*($J23/(2.54)^4)*(Input!$G$5))/(17.1*$F23*0.06854))^(1/4)*0.3048 -> 4.9812833 | U23: =(((20*Input!$G$6*($J23/(2.54)^4))/(($B23/25.4)*($F23*0.00571)))^0.5)*25.4/1000 -> 7.3311756 | V23: =((384*Input!$C$4*$J23*Input!$C$5)/(3*$F23*100000))^(1/4) -> 5.2848665 | W23: =(((200*Input!$C$6*($J23))/($B23*($F23)))^0.5) -> 7.3310239 | X23: =MIN(L23:W23) -> 4.651273 | Y23: 6.5 | Z23: - | AA23: - | AB23: - | AC23: =Y23/X23 -> 1.3974669 | AD23: =Y23/MIN(N23:O23) -> 0.93454243
A24: 3 | B24: 88.9 | C24: Sch 80 | D24: 7.62 | E24: 100 | F24: =(((3.1428*(B24^2-(B24-2*D24)^2)/4)*7.85/1000)*9.81)+H24 -> 191.68063 | G24: =(3.14*(B24+E24)*E24*Input!C$2/1000000)*9.81 -> 116.37525 | H24: =((3.14*(B24-2*D24)^2)/4*Input!C$3/1000000)*9.81 -> 41.783238 | I24: =(Input!C$8/1067)*'Bare+Water'!B24 -> 1.3747423 | J24: =((3.1428*(B24^4-(B24-(2*D24))^4)/64))/10000 -> 162.15606 | K24: =(Input!C$9*(Input!C$7+I24)*D24^2)/(0.644*F24*((B24/2)*D24)^0.5) -> 173.59493 | L24: =((384*Input!$C$4*$J24*Input!$C$5)/(5*$F24*100000))^(1/4) -> 5.117938 | M24: =((160*Input!$C$6*$J24)/(B24*$F24))^0.5 -> 7.1949213 | N24: =((384*Input!$C$4*$J24*Input!$C$5)/(($F24*100000)))^(1/4) -> 7.6531024 | O24: =((240*Input!$C$6*$J24)/($B24*$F24))^0.5 -> 8.8119429 | P24: =((185*Input!$G$4*($J24/(2.54)^4)*(Input!$G$5))/($F24*0.00571))^(1/4)*25.4/1000 -> 6.3760563 | Q24: =(((16*Input!$G$6*($J24/(2.54)^4))/(($B24/25.4)*($F24*0.00571)))^0.5)*25.4/1000 -> 7.1950701 | R24: =((384*Input!$G$4*($J24/(2.54)^4)*(Input!$G$5))/($F24*0.00571))^(1/4)*25.4/1000 -> 7.6531815 | S24: =(((24*Input!$G$6*($J24/(2.54)^4))/(($B24/25.4)*($F24*0.00571)))^0.5)*25.4/1000 -> 8.8121252 | T24: =((Input!$G$4*($J24/(2.54)^4)*(Input!$G$5))/(17.1*$F24*0.06854))^(1/4)*0.3048 -> 5.4810584 | U24: =(((20*Input!$G$6*($J24/(2.54)^4))/(($B24/25.4)*($F24*0.00571)))^0.5)*25.4/1000 -> 8.0443329 | V24: =((384*Input!$C$4*$J24*Input!$C$5)/(3*$F24*100000))^(1/4) -> 5.8151003 | W24: =(((200*Input!$C$6*($J24))/($B24*($F24)))^0.5) -> 8.0441665 | X24: =MIN(L24:W24) -> 5.117938 | Y24: 7 | Z24: 5.85 | AA24: 9.5 | AB24: =Z24/MIN(L24:W24) -> 1.1430385 | AC24: =Y24/X24 -> 1.3677383 | AD24: =Y24/MIN(N24:O24) -> 0.91466175
A25: 4 | B25: 114.3 | C25: Sch 80 | D25: 8.56 | E25: 100 | F25: =(((3.1428*(B25^2-(B25-2*D25)^2)/4)*7.85/1000)*9.81)+H25 -> 291.78918 | G25: =(3.14*(B25+E25)*E25*Input!C$2/1000000)*9.81 -> 132.02337 | H25: =((3.14*(B25-2*D25)^2)/4*Input!C$3/1000000)*9.81 -> 72.726461 | I25: =(Input!C$8/1067)*'Bare+Water'!B25 -> 1.7675258 | J25: =((3.1428*(B25^4-(B25-(2*D25))^4)/64))/10000 -> 400.1799 | K25: =(Input!C$9*(Input!C$7+I25)*D25^2)/(0.644*F25*((B25/2)*D25)^0.5) -> 120.20748 | L25: =((384*Input!$C$4*$J25*Input!$C$5)/(5*$F25*100000))^(1/4) -> 5.7750109 | M25: =((160*Input!$C$6*$J25)/(B25*$F25))^0.5 -> 8.079219 | N25: =((384*Input!$C$4*$J25*Input!$C$5)/(($F25*100000)))^(1/4) -> 8.6356555 | O25: =((240*Input!$C$6*$J25)/($B25*$F25))^0.5 -> 9.894982 | P25: =((185*Input!$G$4*($J25/(2.54)^4)*(Input!$G$5))/($F25*0.00571))^(1/4)*25.4/1000 -> 7.1946542 | Q25: =(((16*Input!$G$6*($J25/(2.54)^4))/(($B25/25.4)*($F25*0.00571)))^0.5)*25.4/1000 -> 8.0793861 | R25: =((384*Input!$G$4*($J25/(2.54)^4)*(Input!$G$5))/($F25*0.00571))^(1/4)*25.4/1000 -> 8.6357448 | S25: =(((24*Input!$G$6*($J25/(2.54)^4))/(($B25/25.4)*($F25*0.00571)))^0.5)*25.4/1000 -> 9.8951867 | T25: =((Input!$G$4*($J25/(2.54)^4)*(Input!$G$5))/(17.1*$F25*0.06854))^(1/4)*0.3048 -> 6.1847509 | U25: =(((20*Input!$G$6*($J25/(2.54)^4))/(($B25/25.4)*($F25*0.00571)))^0.5)*25.4/1000 -> 9.0330282 | V25: =((384*Input!$C$4*$J25*Input!$C$5)/(3*$F25*100000))^(1/4) -> 6.5616792 | W25: =(((200*Input!$C$6*($J25))/($B25*($F25)))^0.5) -> 9.0328414 | X25: =MIN(L25:W25) -> 5.7750109 | Y25: 8 | Z25: 6.6 | AB25: =Z25/MIN(L25:W25) -> 1.142855 | AC25: =Y25/X25 -> 1.3852788 | AD25: =Y25/MIN(N25:O25) -> 0.92639175
A26: 6 | B26: 168.27 | C26: Sch 80 | D26: 10.97 | E26: 100 | F26: =(((3.1428*(B26^2-(B26-2*D26)^2)/4)*7.85/1000)*9.81)+H26 -> 582.52332 | G26: =(3.14*(B26+E26)*E26*Input!C$2/1000000)*9.81 -> 165.27256 | H26: =((3.14*(B26-2*D26)^2)/4*Input!C$3/1000000)*9.81 -> 164.89421 | I26: =(Input!C$8/1067)*'Bare+Water'!B26 -> 2.6021134 | J26: =((3.1428*(B26^4-(B26-(2*D26))^4)/64))/10000 -> 1685.4919 | K26: =(Input!C$9*(Input!C$7+I26)*D26^2)/(0.644*F26*((B26/2)*D26)^0.5) -> 72.58611 | L26: =((384*Input!$C$4*$J26*Input!$C$5)/(5*$F26*100000))^(1/4) -> 6.9600061 | M26: =((160*Input!$C$6*$J26)/(B26*$F26))^0.5 -> 9.671699 | N26: =((384*Input!$C$4*$J26*Input!$C$5)/(($F26*100000)))^(1/4) -> 10.407637 | O26: =((240*Input!$C$6*$J26)/($B26*$F26))^0.5 -> 11.845364 | P26: =((185*Input!$G$4*($J26/(2.54)^4)*(Input!$G$5))/($F26*0.00571))^(1/4)*25.4/1000 -> 8.6709511 | Q26: =(((16*Input!$G$6*($J26/(2.54)^4))/(($B26/25.4)*($F26*0.00571)))^0.5)*25.4/1000 -> 9.6718991 | R26: =((384*Input!$G$4*($J26/(2.54)^4)*(Input!$G$5))/($F26*0.00571))^(1/4)*25.4/1000 -> 10.407744 | S26: =(((24*Input!$G$6*($J26/(2.54)^4))/(($B26/25.4)*($F26*0.00571)))^0.5)*25.4/1000 -> 11.845609 | T26: =((Input!$G$4*($J26/(2.54)^4)*(Input!$G$5))/(17.1*$F26*0.06854))^(1/4)*0.3048 -> 7.4538222 | U26: =(((20*Input!$G$6*($J26/(2.54)^4))/(($B26/25.4)*($F26*0.00571)))^0.5)*25.4/1000 -> 10.813512 | V26: =((384*Input!$C$4*$J26*Input!$C$5)/(3*$F26*100000))^(1/4) -> 7.9080937 | W26: =(((200*Input!$C$6*($J26))/($B26*($F26)))^0.5) -> 10.813288 | X26: =MIN(L26:W26) -> 6.9600061 | Y26: 9.5 | Z26: 7.85 | AB26: =Z26/MIN(L26:W26) -> 1.1278726 | AC26: =Y26/X26 -> 1.3649413 | AD26: =Y26/MIN(N26:O26) -> 0.91279128
A27: 8 | B27: 219.07 | C27: XS | D27: 12.7 | E27: 120 | F27: =(((3.1428*(B27^2-(B27-2*D27)^2)/4)*7.85/1000)*9.81)+H27 -> 923.16005 | G27: =(3.14*(B27+E27)*E27*Input!C$2/1000000)*9.81 -> 250.66821 | H27: =((3.14*(B27-2*D27)^2)/4*Input!C$3/1000000)*9.81 -> 288.84401 | I27: =(Input!C$8/1067)*'Bare+Water'!B27 -> 3.3876804 | J27: =((3.1428*(B27^4-(B27-(2*D27))^4)/64))/10000 -> 4401.6125 | K27: =(Input!C$9*(Input!C$7+I27)*D27^2)/(0.644*F27*((B27/2)*D27)^0.5) -> 50.385996 | L27: =((384*Input!$C$4*$J27*Input!$C$5)/(5*$F27*100000))^(1/4) -> 7.8856952 | M27: =((160*Input!$C$6*$J27)/(B27*$F27))^0.5 -> 10.881165 | N27: =((384*Input!$C$4*$J27*Input!$C$5)/(($F27*100000)))^(1/4) -> 11.791865 | O27: =((240*Input!$C$6*$J27)/($B27*$F27))^0.5 -> 13.326651 | P27: =((185*Input!$G$4*($J27/(2.54)^4)*(Input!$G$5))/($F27*0.00571))^(1/4)*25.4/1000 -> 9.824198 | Q27: =(((16*Input!$G$6*($J27/(2.54)^4))/(($B27/25.4)*($F27*0.00571)))^0.5)*25.4/1000 -> 10.88139 | R27: =((384*Input!$G$4*($J27/(2.54)^4)*(Input!$G$5))/($F27*0.00571))^(1/4)*25.4/1000 -> 11.791987 | S27: =(((24*Input!$G$6*($J27/(2.54)^4))/(($B27/25.4)*($F27*0.00571)))^0.5)*25.4/1000 -> 13.326927 | T27: =((Input!$G$4*($J27/(2.54)^4)*(Input!$G$5))/(17.1*$F27*0.06854))^(1/4)*0.3048 -> 8.4451894 | U27: =(((20*Input!$G$6*($J27/(2.54)^4))/(($B27/25.4)*($F27*0.00571)))^0.5)*25.4/1000 -> 12.165764 | V27: =((384*Input!$C$4*$J27*Input!$C$5)/(3*$F27*100000))^(1/4) -> 8.9598796 | W27: =(((200*Input!$C$6*($J27))/($B27*($F27)))^0.5) -> 12.165512 | X27: =MIN(L27:W27) -> 7.8856952 | Y27: 11 | Z27: 8.6 | AB27: =Z27/MIN(L27:W27) -> 1.0905824 | AC27: =Y27/X27 -> 1.3949309 | AD27: =Y27/MIN(N27:O27) -> 0.93284652
A28: 10 | B28: 273.05 | C28: XS | D28: 12.7 | E28: 120 | F28: =(((3.1428*(B28^2-(B28-2*D28)^2)/4)*7.85/1000)*9.81)+H28 -> 1272.5306 | G28: =(3.14*(B28+E28)*E28*Input!C$2/1000000)*9.81 -> 290.57463 | H28: =((3.14*(B28-2*D28)^2)/4*Input!C$3/1000000)*9.81 -> 472.29715 | I28: =(Input!C$8/1067)*'Bare+Water'!B28 -> 4.2224227 | J28: =((3.1428*(B28^4-(B28-(2*D28))^4)/64))/10000 -> 8825.4207 | K28: =(Input!C$9*(Input!C$7+I28)*D28^2)/(0.644*F28*((B28/2)*D28)^0.5) -> 33.005122 | L28: =((384*Input!$C$4*$J28*Input!$C$5)/(5*$F28*100000))^(1/4) -> 8.6601034 | M28: =((160*Input!$C$6*$J28)/(B28*$F28))^0.5 -> 11.754711 | N28: =((384*Input!$C$4*$J28*Input!$C$5)/(($F28*100000)))^(1/4) -> 12.949875 | O28: =((240*Input!$C$6*$J28)/($B28*$F28))^0.5 -> 14.396522 | P28: =((185*Input!$G$4*($J28/(2.54)^4)*(Input!$G$5))/($F28*0.00571))^(1/4)*25.4/1000 -> 10.788975 | Q28: =(((16*Input!$G$6*($J28/(2.54)^4))/(($B28/25.4)*($F28*0.00571)))^0.5)*25.4/1000 -> 11.754954 | R28: =((384*Input!$G$4*($J28/(2.54)^4)*(Input!$G$5))/($F28*0.00571))^(1/4)*25.4/1000 -> 12.950009 | S28: =(((24*Input!$G$6*($J28/(2.54)^4))/(($B28/25.4)*($F28*0.00571)))^0.5)*25.4/1000 -> 14.396819 | T28: =((Input!$G$4*($J28/(2.54)^4)*(Input!$G$5))/(17.1*$F28*0.06854))^(1/4)*0.3048 -> 9.2745423 | U28: =(((20*Input!$G$6*($J28/(2.54)^4))/(($B28/25.4)*($F28*0.00571)))^0.5)*25.4/1000 -> 13.142438 | V28: =((384*Input!$C$4*$J28*Input!$C$5)/(3*$F28*100000))^(1/4) -> 9.8397772 | W28: =(((200*Input!$C$6*($J28))/($B28*($F28)))^0.5) -> 13.142166 | X28: =MIN(L28:W28) -> 8.6601034 | Y28: 12 | Z28: 9.35 | AB28: =Z28/MIN(L28:W28) -> 1.0796638 | AC28: =Y28/X28 -> 1.3856647 | AD28: =Y28/MIN(N28:O28) -> 0.92664987
